STT;TÊN SÁCH;TÁC GIẢ;SÁCH GIẤY;EBOOK;GIÁ SÁCH GIẤY;GIÁ EBOOK;Năm XB;KHỔ SÁCH;LINK SÁCH
1;SEVOFLURANE trong thực hành lâm sàng Phân tích chi phí – hiệu quả;Hedima;Không;Có;0;"1 Tháng: 0
3 Tháng: 0
6 Tháng: 0
3 Năm: 0";;17 x 24;Chi tiết
2;CompoSIT-R: Sitagliptin đã chứng minh tính an toàn cao trên bệnh nhân đái tháo đường type 2 và suy thận nhẹ;Công ty cổ phần giải pháp công nghệ AINKA;Không;Có;0;"1 Tháng: 0
3 Tháng: 0
6 Tháng: 0
3 Năm: 0";;17 x 24;Chi tiết
3;CompoSIT-R: Sitagliptin giúp kiểm soát đường huyết tốt hơn Dapagliflozin ở bệnh nhân đái tháo đường type 2 bị suy thận nhẹ;Công ty cổ phần giải pháp công nghệ AINKA;Không;Có;0;"1 Tháng: 0
3 Tháng: 0
6 Tháng: 0
3 Năm: 0";;17 x 24;Chi tiết
4;"Hạ đường huyết ở bệnh nhân đái tháo đường type 2 điều trị bằng
thuốc hạ đường huyết uống";Hedima;Không;Có;0;"1 Tháng: 0
3 Tháng: 0
6 Tháng: 0
3 Năm: 0";;17 x 24;Chi tiết
5;Các thuốc ức chế DPP-4 điều trị đái tháo đường type 2;Hedima;Không;Có;0;"1 Tháng: 10000
3 Tháng: 20000
6 Tháng: 35000
3 Năm: 50000";;17 x 24;Chi tiết
6;Denosumab tiếp cận mới trong quản lý bệnh loãng xương;Hedima;Không;Có;0;"1 Tháng: 10000
3 Tháng: 20000
6 Tháng: 35000
3 Năm: 50000";;19 x 27;Chi tiết
7;"Lịch sử của NITRIC OXIDE (NO)
Hưởng ứng ngày thế giới phòng chống Tăng huyết áp 17/5/2024";Menarini – Sang pharma;Không;Có;0;"1 Tháng: 10000
3 Tháng: 20000
6 Tháng: 35000
3 Năm: 50000";2024;16 x 24;Chi tiết
8;"Thiết kế nghiên cứu cắt ngang
Lý thuyết cơ bản và hướng dẫn thực hành";GS.TS.BS. Hoàng Văn Minh;Không;Có;10000;"1 Tháng: 30000
3 Tháng: 60000
6 Tháng: 104000
3 Năm: 150000";;16 x 24;Chi tiết
9;Bệnh lý khớp tự miễn, gánh nặng và giải đáp ;Công ty cổ phần giải pháp công nghệ AINKA;Không;Có;0;"1 Tháng: 10000
3 Tháng: 20000
6 Tháng: 35000
3 Năm: 50000";;0 x 0;Chi tiết
10;Thấu hiểu điều trị một số thuốc tác dụng tại đích trong ung thư đường tiêu hóa;Trung tâm y học hạt nhân và ung bướu - Bệnh viện Bạch Mai;Không;Có;0;"1 Tháng: 0
3 Tháng: 0
6 Tháng: 0
3 Năm: 0";2024;16 x 24;Chi tiết
11;Những thắc mắc thường gặp: Thoái hóa hoàng điểm tuổi già;NXB Y Học;Không;Có;0;"1 Tháng: 0
3 Tháng: 0
6 Tháng: 0
3 Năm: 0";2024;16 x 24;Chi tiết
12;Đái tháo đường và thị lực: Tim hiểu về Phù Hoàng Điểm do đái tháo đường;NXB Y Học;Không;Có;0;"1 Tháng: 0
3 Tháng: 0
6 Tháng: 0
3 Năm: 0";2024;16 x 24;Chi tiết
13;Giảm nguy cơ hạ đường huyết và tăng cân ở bệnh nhân đái tháo đường típ 2;Anika;Có;Có;0;"1 Tháng: 0
3 Tháng: 0
6 Tháng: 0
3 Năm: 0";;19 x 27;Chi tiết
14;Triệu chứng học nội khoa tập 1;Trường Đại học Y Hà Nội  - Các bộ môn Nội - Chủ biên: PGS.TS. Đỗ Gia Tuyển - GS.TS. Ngô Quý Châu - PGS.TS. Đặng Quốc Tuấn - PGS.TS, Phan Thu Phương - PGS.TS. Phạm Mạnh Hùng - PGS.TS. Nguyễn Văn Hùng;Không;Có;199000;"1 Tháng: 30000
3 Tháng: 60000
6 Tháng: 103000
3 Năm: 139000";;19 x 27;Chi tiết
15;Triệu chứng học nội khoa tập 2;Trường Đại học Y Hà Nội - Các bộ môn Nội - Chủ biên: PGS.TS. Đỗ Gia Tuyển - PGS.TS. Trần Ngọc Ánh - PGS.TS. Nguyễn Hà Thanh - PGS.TS. Nguyễn Khoa Diệu Vân - PGS.TS. Nguyễn Văn Liệu - PGS.TS. Vũ Thị Thanh Huyền;Không;Có;165000;"1 Tháng: 25000
3 Tháng: 50000
6 Tháng: 86000
3 Năm: 115000";;19 x 27;Chi tiết
16;Điều trị nghiện rượu;PGS.TS. Bùi Quang Huy;Không;Có;48000;"1 Tháng: 10000
3 Tháng: 20000
6 Tháng: 35000
3 Năm: 50000";;14.5 x 20.5;Chi tiết
17;Rối loạn giấc ngủ;PGS.TS. Bùi Quang Huy;Không;Có;72000;"1 Tháng: 11000
3 Tháng: 22000
6 Tháng: 37000
3 Năm: 50000";;14.5 x 20.5;Chi tiết
18;Chia sẻ kiến thức: Giúp bệnh nhân kiểm soát tốt tình trạng đau khớp;Menarini – Sang pharma;Không;Có;0;"1 Tháng: 0
3 Tháng: 0
6 Tháng: 0
3 Năm: 0";;19 x 27;Chi tiết
19;Thời gian sử dụng kháng sinh hợp lý;Hội thầy thuốc trẻ Việt Nam – Hiệu đính: TS.DS. Phạm Hồng Thắm – Phó trưởng khoa dược Bệnh viện Nhân dân Gia Định;Không;Có;0;"1 Tháng: 0
3 Tháng: 0
6 Tháng: 0
3 Năm: 0";;17 x 24;Chi tiết
20;Sự khác biệt của kháng sinh thế hệ mới;Hội thầy thuốc trẻ Việt Nam –  Bác sĩ hiệu đính: BSCKII. Nguyễn Thị Hồng Nhân - Trưởng khoa Nhi tổng hợp – Bệnh viện đa khoa Xanh Pôn;Không;Có;0;"1 Tháng: 10000
3 Tháng: 20000
6 Tháng: 35000
3 Năm: 50000";;17 x 24;Chi tiết
21;Kỷ nguyên đề kháng kháng sinh – Những nghịch lý còn tồn tại;Hội thầy thuốc trẻ Việt Nam – Bác sĩ hiệu đính: PGS.TS. Lưu Thị Hồng – Phó Giám đốc Trung tâm Sản phụ khoa – Bệnh viện Tâm Anh;Không;Có;0;"1 Tháng: 0
3 Tháng: 0
6 Tháng: 0
3 Năm: 0";;17 x 24;Chi tiết
22;Phối hợp thuốc trong điều trị lậu cầu các hướng dẫn, khuyến cáo mới nhất;Hội thầy thuốc trẻ Việt Nam – Bác sĩ hiệu đính: TS.BS. Mai Bá Tiến Dũng – Trưởng khoa Nam khoa bệnh viện Bình Dân – Phó Chủ tịch Hội Y học Giới tính Việt Nam;Không;Có;0;"1 Tháng: 10000
3 Tháng: 20000
6 Tháng: 35000
3 Năm: 50000";;17 x 24;Chi tiết
23;"Tối ưu hóa lợi ích cho bệnh nhân ung thư phổi không tế bào nhỏ
có đột biến EGFR giai đoạn tiến xa";Hedima;Không;Có;0;"1 Tháng: 0
3 Tháng: 0
6 Tháng: 0
3 Năm: 0";;17 x 24;Chi tiết
24;Chẩn đoán đúng bệnh nhân bị hội chứng ruột kích thích (IBS);Menarini – Sang pharma;Không;Có;0;"1 Tháng: 0
3 Tháng: 0
6 Tháng: 0
3 Năm: 0";;16 x 24;Chi tiết
25;Otilonium Bromide - Thuốc chống co thắt cơ trơn thế hệ mới giảm đau hiệu quả thông qua 3 cơ chế tác động;Menarini – Sang pharma;Không;Có;0;"1 Tháng: 0
3 Tháng: 0
6 Tháng: 0
3 Năm: 0";;16 x 24;Chi tiết
26;"Lựa chọn thuốc chẹn Beta nào trên bệnh nhân tim mạch kèm đái
tháo đường: Chuyên đề: Biến cố hạ đường huyết";Menarini – Sang pharma;Không;Có;0;"1 Tháng: 0
3 Tháng: 0
6 Tháng: 0
3 Năm: 0";;15 x 21;Chi tiết
27;"Ca lâm sàng: Bilastine trong điều trị mày đay mạn với các triệu
chứng không được kiểm soát";Menarini – Sang pharma;Không;Có;0;"1 Tháng: 10000
3 Tháng: 20000
6 Tháng: 35000
3 Năm: 50000";;16 x 24;Chi tiết
28;Ca lâm sàng Bilastine trong điều trị mày đay ở người cao tuổi với nhiều bệnh mắc kèm;Menarini – Sang pharma;Không;Có;0;"1 Tháng: 10000
3 Tháng: 20000
6 Tháng: 35000
3 Năm: 50000";;16 x 24;Chi tiết
29;"Ca lâm sàng Bilastine trong điều trị mày đay tự phát ở trẻ em trong
độ tuổi tới trường";Menarini – Sang pharma;Không;Có;0;"1 Tháng: 10000
3 Tháng: 20000
6 Tháng: 35000
3 Năm: 50000";;16 x 24;Chi tiết
30;Khuyến cáo lịch tiêm chủng vắc xin cho mọi lứa tuổi ở Việt Nam;Hội y học dự phòng Việt Nam;Không;Có;0;"1 Tháng: 10000
3 Tháng: 20000
6 Tháng: 35000
3 Năm: 50000";;16 x 24;Chi tiết
31;"Bạn có biết? Có hơn 600 chế phẩm sắt uống khác nhau tại Việt Nam?
Bạn đã biết loại sắt nào là phù hợp nhất cho mình giữa vô vàn lựa chọn?";Alobacsi (kênh truyền thông-Tư vấn sức khỏe);Không;Có;0;"1 Tháng: 0
3 Tháng: 0
6 Tháng: 0
3 Năm: 0";;16 x 24;Chi tiết
32;Quản lý các vấn đề sức khỏe thường gặp ở người cao tuổi tại cộng đồng;PGS.TS.Nguyễn Văn Hùng;Không;Có;0;"1 Tháng: 10000
3 Tháng: 20000
6 Tháng: 35000
3 Năm: 50000";;19 x 27;Chi tiết
33;Da và những phương thuốc hay để có một làn da đẹp, trắng sáng mịn màng;VS.GS.TSKH.BS. Đái Duy Ban;Không;Có;127000;"1 Tháng: 19000
3 Tháng: 38000
6 Tháng: 66000
3 Năm: 89000";;19 x 27;Chi tiết
34;Những cây thuốc và vị thuốc hay dùng ở việt nam;Chủ biên: GS.TS. Phạm Xuân Sinh;Không;Có;285000;"1 Tháng: 43000
3 Tháng: 86000
6 Tháng: 148000
3 Năm: 200000";;19 x 27;Chi tiết
35;Các thế hệ cùng chung sống thế nào đây;Chủ biên: TS. Nguỵ Hữu Tâm;Không;Có;90000;"1 Tháng: 14000
3 Tháng: 27000
6 Tháng: 47000
3 Năm: 63000";;19 x 27;Chi tiết
36;Cẩm nang chăm sóc người bệnh thận nhân tạo chu kỳ trong thời kỳ COVID - 19;Chủ biên: TS. Nguyễn Thị Nguyệt;Không;Có;100000;"1 Tháng: 10000
3 Tháng: 20000
6 Tháng: 35000
3 Năm: 50000";;26.5 x 19;Chi tiết
37;"Sách giáo khoa Sinh lý bệnh học
";Chủ biên: GS.TSKH. Phan Thị Phi Phi – PGS.TS. Phạm Đăng Khoa;Không;Có;300000;"1 Tháng: 44540
3 Tháng: 89080
6 Tháng: 155628
3 Năm: 222700";;19.5 x 25.5;Chi tiết
38;Tiêm chủng cho mọi lứa tuổi (Tài liệu dành cho cán bộ y tế);Hội y học dự phòng Việt Nam;Không;Có;0;"1 Tháng: 0
3 Tháng: 0
6 Tháng: 0
3 Năm: 0";;19 x 27;Chi tiết
39;Thủ thuật sản phụ khoa (Xuất bản lần thứ hai có sửa chữa và bổ sung);Chủ biên: PGS.TS. Phạm Bá Nha và cộng sự;Có;Có;150000;"1 Tháng: 24480
3 Tháng: 48960
6 Tháng: 85536
3 Năm: 122400";2023;16 x 24;Chi tiết
40;"Phục hồi chức năng tổn thương tủy sống    (Spinal Cord Injury Rehabilitation)
";Cầm Bá Thức - Nguyễn Xuân Nghiên - Cao Minh Châu;Có;Có;210000;"1 Tháng: 34000
3 Tháng: 67000
6 Tháng: 118000
3 Năm: 168000";2022;17 x 24;Chi tiết
41;Phục hồi chức năng hô hấp (Respiratory Rehabilitation);  TS.BS. Cầm Bá Thức;Có;Có;175000;"1 Tháng: 28000
3 Tháng: 55000
6 Tháng: 96000
3 Năm: 138000";2022;19 x 27;Chi tiết
42;Tiếp cận chẩn đoán và điều trị nhi khoa (tiếp cận theo lưu đồ);Nguyễn Công Khanh-Nguyễn Hoàng Nam;Có;Có;515000;"1 Tháng: 90000
3 Tháng: 181000
6 Tháng: 316000
3 Năm: 452000";2022;16 x 24;Chi tiết
43;Vai trò của phối hợp cố định Perindopril Arginine + Indapamide trong điều trị tăng huyết áp;Hedima;Không;Có;0;"1 Tháng: 10000
3 Tháng: 20000
6 Tháng: 35000
3 Năm: 50000";;19 x 27;Chi tiết
44;Bài giảng phẫu thuật nội soi cơ bản (Sách dùng đào tạo bác sĩ và học viên sau đại học);Bộ Y Tế;Có;Có;250000;"1 Tháng: 24000
3 Tháng: 48000
6 Tháng: 83000
3 Năm: 119000";2022;17 x 24;Chi tiết
45;Hoá sinh (Sách đào tạo bác sĩ Y khoa);Trường Đại học Y Hà Nội - Chủ biên: GS.TS. Tạ Thành Văn - PGS.BS. Đặng Thị Ngọc Dung;Có;Có;245000;"1 Tháng: 37000
3 Tháng: 74000
6 Tháng: 127000
3 Năm: 172000";2023;19 x 27;Chi tiết
46;Hoá sinh lâm sàng (Sách đào tạo đại học y);Trường Đại học Y Hà Nội - Chủ biên: GS.TS. Tạ Thành Văn;Có;Có;215000;"1 Tháng: 47000
3 Tháng: 94000
6 Tháng: 164000
3 Năm: 235000";2022;16 x 24;Chi tiết
47;Ghép da trong phẫu thuật tạo hình thẩm mỹ;Trường Đại Học Y Hà Nội - Bộ Môn Phẫu Thuật Tạo Hình;Không;Có;0;"1 Tháng: 15000
3 Tháng: 30000
6 Tháng: 52000
3 Năm: 75000";;14.5 x 20.5;Chi tiết
48;Trimetazidine OD 80MG trong điều trị hội chứng mạch vành mạn;Hedima;Không;Có;0;"1 Tháng: 0
3 Tháng: 0
6 Tháng: 0
3 Năm: 0";;19 x 27 cm;Chi tiết
49;Điều trị tăng huyết áp theo khuyến cáo của phân hội tăng huyết áp Việt Nam;Hedima;Không;Có;0;"1 Tháng: 0
3 Tháng: 0
6 Tháng: 0
3 Năm: 0";;19 x 27;Chi tiết
50;Phục hồi chức năng cho người bệnh mắc covid - 19;Chủ biên: PGS.TS. Đỗ Đào Vũ - Tham gia biên soạn: TS. Vũ Thị Thanh, BSNT. Phạm Thị Hải Vân, BS. Nguyễn Thị Khoa;Có;Có;170000;"1 Tháng: 26000
3 Tháng: 51000
6 Tháng: 89000
3 Năm: 128000";2022;16 x 24;Chi tiết
51;"Giải phẫu X - Quang 
Sách đào tạo cử nhận kỹ thuật y học
(Chuyên ngành kỹ thuật hình ảnh)";Bộ Y Tế;Có;Có;55000;"1 Tháng: 10000
3 Tháng: 20000
6 Tháng: 35000
3 Năm: 50000";;16 x 24;Chi tiết
52;Bài giảng dị ứng - miễn dịch lâm sàng (Dành cho sinh viên);Trường Đại học Y Hà Nội - Bộ môn dị ứng - miễn dịch lâm sàng - Chủ biên: PGS.TS.BSCKII. Nguyễn Văn Đoàn - PGS.TS.BSNT. Hoàng Thị Lâm;Có;Có;138000;"1 Tháng: 25000
3 Tháng: 50000
6 Tháng: 88000
3 Năm: 124000";2022;19 x 27;Chi tiết
53;Các rối loạn tâm thần cấp cứu và điều trị;Chủ biên: GS.TS. Cao Tiến Đức;Có;Có;100000;"1 Tháng: 15000
3 Tháng: 30000
6 Tháng: 53000
3 Năm: 75000";2022;14.5 x 20.5;Chi tiết
54;Kỹ thuật xét nghiệm huyết học và truyền máu ứng dụng trong lâm sàng;Viện huyết học truyền máu TW;Có;Có;160000;"1 Tháng: 24000
3 Tháng: 48000
6 Tháng: 84000
3 Năm: 120000";2022;19 x 27;Chi tiết
55;Miễn dịch học;Trường Đại học Y Hà Nội - Bộ Môn Sinh Lý Bệnh - Miễn Dịch;Không;Có;110000;"1 Tháng: 31025
3 Tháng: 62050
6 Tháng: 108405
3 Năm: 155125";2022;19 x 27;Chi tiết
56;Bệnh học nội khoa (Sách dùng đào tạo đại học) Tập 1;Trường Đại học Y Hà Nội - Các Bộ Môn Nội;Không;Có;230000;"1 Tháng: 35000
3 Tháng: 69000
6 Tháng: 120000
3 Năm: 173000";2022;19 x 27;Chi tiết
57;Cẩm nang để sống khỏe trọn vẹn;AIA;Không;Có;0;"1 Tháng: 0
3 Tháng: 0
6 Tháng: 0
3 Năm: 0";;17 x 24;Chi tiết
58;Hội chứng mạch vành mạn: Chiến lược điều trị nội khoa;Hedima;Không;Có;0;"1 Tháng: 0
3 Tháng: 0
6 Tháng: 0
3 Năm: 0";;14.5 x 20.5;Chi tiết
59;Lâm sàng và điều trị trầm cảm;GS.TS. Cao Tiến Đức;Không;Có;0;"1 Tháng: 11000
3 Tháng: 23000
6 Tháng: 40000
3 Năm: 59000";;14.5 x 20.5;Chi tiết
60;Bệnh học nội khoa (Sách dùng đào tạo đại học) Tập 2;Trường Đại học Y Hà Nội - Các Bộ Môn Nội;Có;Có;220000;"1 Tháng: 33000
3 Tháng: 66000
6 Tháng: 115000
3 Năm: 156000";2022;19 x 27 cm;Chi tiết
61;Bệnh lao và tiến trình chấm dứt bệnh lao (Tài  liệu giảng dạy cho sinh viên y khoa);Trường Đại học Y Hà Nội - Bộ môn Lao và Bệnh phổi;Có;Có;75000;"1 Tháng: 11000
3 Tháng: 23000
6 Tháng: 39000
3 Năm: 57000";2022;19 x 27;Chi tiết
62;Chỉnh hình răng mặt cơ bản;TS. Võ Thị Thuý Hồng;Có;Có;290000;"1 Tháng: 44000
3 Tháng: 87000
6 Tháng: 151000
3 Năm: 218000";2022;19 x 27 cm;Chi tiết
63;Điều dưỡng trong tim mạch;Trường ĐH Y Hà Nội - Bộ môn tim mạch;Không;Có;0;"1 Tháng: 16000
3 Tháng: 32000
6 Tháng: 56000
3 Năm: 81000";2020;14.5 x 20.5;Chi tiết
64;Dược lý học tập 2 (Sách đào tạo dược sĩ đại học);"Bộ Y tế - Chủ biên: PGS.TS. Mai Tất Tố; TS. Vũ Thị Trâm";Không;Có;115000;"1 Tháng: 17000
3 Tháng: 35000
6 Tháng: 60000
3 Năm: 81000";2022;19 x 27;Chi tiết
65;Rối loạn lưỡng cực chẩn đoán và điều trị;PGS.TS. Bùi Quang Huy;Có;Có;90000;"1 Tháng: 16000
3 Tháng: 33000
6 Tháng: 57000
3 Năm: 82000";2022;14.5 x 20.5;Chi tiết
66; IVABRADINE và vai trò trong điều trị suy tim phân suất tống máu giảm;Hedima;Có;Có;0;"1 Tháng: 0
3 Tháng: 0
6 Tháng: 0
3 Năm: 0";2022;21 x 29.7;Chi tiết
67;Tiếp cận tâm lý ban đầu cho nhân viên y tế trong đại dịch COVID-19: Con đường dẫn đến sự an yên;Mélanie Joanisse;Có;Có;0;"1 Tháng: 0
3 Tháng: 0
6 Tháng: 0
3 Năm: 0";2021;21 x 29.7;Chi tiết
68;Đau bụng do co thắt cơ trơn và lợi ích của hoạt chất Drotaverine;YouMed;Có;Có;0;"1 Tháng: 0
3 Tháng: 0
6 Tháng: 0
3 Năm: 0";2021;21 x 29.7;Chi tiết
69;Đái tháo đường – So sánh hiệu quả và an toàn của Gliclazide MR với Sitagliptin trong điều trị đái tháo đường type 2;Hedima;Có;Có;0;"1 Tháng: 0
3 Tháng: 0
6 Tháng: 0
3 Năm: 0";2021;21 x 29.7;Chi tiết
70;Nghiên cứu ARBALET – Hiệu quả và khả năng dung nạp của viên phối hợp liều cố định Amlodipine/Indapamide ở bệnh nhân tăng huyết áp trên 55 tuổi;Hedima;Có;Có;0;"1 Tháng: 0
3 Tháng: 0
6 Tháng: 0
3 Năm: 0";2021;21 x 29.7;Chi tiết
71;Phối hợp INDAPAMIDE – AMLODIPINE trong điều trị tăng huyết áp ở bệnh nhân > 60 tuổi;Hedima;Có;Có;0;"1 Tháng: 0
3 Tháng: 0
6 Tháng: 0
3 Năm: 0";2021;21 x 29.7;Chi tiết
72;IVABRADINE và vai trò trong điều trị hội chứng mạch vành mạn;Hedima;Có;Có;0;"1 Tháng: 0
3 Tháng: 0
6 Tháng: 0
3 Năm: 0";2021;21 x 29.7;Chi tiết
73;Đái tháo đường – Nghiên cứu ADVANCE sau 20 năm;Hedima;Có;Có;0;"1 Tháng: 0
3 Tháng: 0
6 Tháng: 0
3 Năm: 0";2021;21 x 29.7;Chi tiết
74;TRIMETAZDINE trong quản lý hội chứng mạch vành mạn;Hedima;Có;Có;0;"1 Tháng: 0
3 Tháng: 0
6 Tháng: 0
3 Năm: 0";2021;21 x 29.7;Chi tiết
75;Phân tích gộp FARSANG – Kết quả phân tích hậu kiểm,tổng hợp từ 4 nghiên cứu quan sát: Fortissimo, Forsage, Aces, Picasso;Hedima;Có;Có;0;"1 Tháng: 0
3 Tháng: 0
6 Tháng: 0
3 Năm: 0";2021;21 x 29.7;Chi tiết
76;Đường ruột khỏe góp phần tạo nên cơ thể cường tráng và hệ miễn dịch mạnh mẽ;YouMed;Có;Có;0;"1 Tháng: 0
3 Tháng: 0
6 Tháng: 0
3 Năm: 0";2021;21 x 29.7;Chi tiết
77;Thuốc mê hô hấp Sevoflurane từ những nghiên cứu ban đầu đến những cập nhật mới nhất;Hedima;Có;Có;0;"1 Tháng: 0
3 Tháng: 0
6 Tháng: 0
3 Năm: 0";2021;21 x 29.7;Chi tiết
78;Leuprorelin – giải pháp trong điều trị ung thư vú ở phụ nữ tiền       mãn kinh thụ thể nội tiết dương tính;Hedima;Có;Có;0;"1 Tháng: 0
3 Tháng: 0
6 Tháng: 0
3 Năm: 0";2021;21 x 29.7;Chi tiết
79;Hướng dẫn Quy trình kỹ thuật khám bệnh chữa bệnh chuyên ngành Ngoại khoa;Bộ Y Tế;Không;Có;294000;"1 Tháng: 58000
3 Tháng: 117000
6 Tháng: 204000
3 Năm: 292000";2015;19 x 27;Chi tiết
80;Hướng dẫn Chẩn đoán và điều trị bằng Y học hạt nhân ;Bộ Y Tế;Có;Có;55000;"1 Tháng: 10000
3 Tháng: 17000
6 Tháng: 29000
3 Năm: 42000";2021;19 x 27;Chi tiết
81;Y học cổ truyền (Bác sĩ đa khoa);Trường Đại học Y hà Nội - Khoa Y học cổ truyền;Có;Có;78000;"1 Tháng: 12000
3 Tháng: 24000
6 Tháng: 42000
3 Năm: 58500";2022;19 x 27;Chi tiết
82;Rối loạn trầm cảm ;PGS. TS. Bùi Quang Huy;Có;Có;68000;"1 Tháng: 10000
3 Tháng: 20000
6 Tháng: 35000
3 Năm: 48000";2022;14.5 x 20.5;Chi tiết
83;Rối loạn lo âu;PGS. TS. Bùi Quang Huy;Không;Có;65000;"1 Tháng: 10000
3 Tháng: 20000
6 Tháng: 35000
3 Năm: 55000";2019;14.5 x 20.5;Chi tiết
84;Phẫu thuật nội soi trong điều trị ung thư đại tràng;TS.BS Hữu Hoài Anh;Có;Có;85000;"1 Tháng: 14000
3 Tháng: 28000
6 Tháng: 49000
3 Năm: 70000";2021;14.5 x 20.5;Chi tiết
85;Bệnh học ngoại khoa Chấn thương chỉnh hình;Trường Đại Học Y Hà Nội - Bộ Môn Ngoại;Có;Có;430000;"1 Tháng: 65000
3 Tháng: 129000
6 Tháng: 224000
3 Năm: 301000";2024;19 x 27;Chi tiết
86;Các vấn đề cơ bản trong phẫu thuật tạo hình thẩm mỹ phần 2 (da và dị tật);Trường Đại Học Y Hà Nội - Bộ Môn Phẫu Thuật Tạo Hình;Không;Có;70000;"1 Tháng: 11000
3 Tháng: 21000
6 Tháng: 36000
3 Năm: 50000";2020;19 x 27;Chi tiết
87;Các vấn đề cơ bản trong phẫu thuật tạo hình thẩm mỹ phần 1 (đại cương);Trường Đại Học Y Hà Nội - Bộ Môn Phẫu Thuật Tạo Hình;Không;Có;55000;"1 Tháng: 10000
3 Tháng: 20000
6 Tháng: 35000
3 Năm: 50000";2021;19 x 27;Chi tiết
88;Tế bào gốc trong điều trị các bệnh thần kinh: Parkinson và Alzheimer;VS.GS.TSKH.BS. Đái Duy Ban;Có;Có;50000;"1 Tháng: 10000
3 Tháng: 20000
6 Tháng: 35000
3 Năm: 45000";2020;14.5 x 20.5;Chi tiết
89;Rối loạn nuốt ở người lớn chẩn đoán và phục hồi chức năng ;  TS.BS. Cầm Bá Thức;Không;Có;85000;"1 Tháng: 12000
3 Tháng: 23000
6 Tháng: 40000
3 Năm: 58000";2021;19 x 27;Chi tiết
90;Tâm thần phân liệt nguyên nhân, chẩn đoán và điều trị (Tái bản lần thứ 3 có sửa chữa và bổ sung);PGS. TS. Bùi Quang Huy;Có;Có;90000;"1 Tháng: 14000
3 Tháng: 28000
6 Tháng: 49000
3 Năm: 70000";2022;14.5 x 20.5;Chi tiết
91;Giáo trình điều dưỡng sức khỏe tâm thần;Trường Đại học Y Hà Nội - Bộ Môn Tâm Thần;Không;Có;80000;"1 Tháng: 12000
3 Tháng: 23000
6 Tháng: 42000
3 Năm: 60000";2020;19 x 27;Chi tiết
92;Bài giảng sản phụ khoa - Tập 2;Trường Đại học Y Hà Nội - Bộ Môn Sản;Không;Có;0;"1 Tháng: 16000
3 Tháng: 33000
6 Tháng: 56000
3 Năm: 80000";2020;19 x 27;Chi tiết
93;Bài giảng bệnh học ngoại khoa (Dùng cho sinh viên năm thứ sáu);Trường Đại Học Y Hà Nội - Bộ Môn Ngoại;Có;Có;135000;"1 Tháng: 18000
3 Tháng: 33000
6 Tháng: 63000
3 Năm: 90000";2022;19 x 27;Chi tiết
94;Chấn thương chỉnh hình;PGS. Nguyễn Đức Phúc;Có;Có;360000;"1 Tháng: 65000
3 Tháng: 130000
6 Tháng: 227000
3 Năm: 325000";2019;19 x 27;Chi tiết
95;Ăn uống phòng và chữa bệnh ở người có tuổi;PGS.TS.BSCC. Trần Đình Toán;Không;Có;0;"1 Tháng: 12000
3 Tháng: 24000
6 Tháng: 42000
3 Năm: 60000";2020;14.5 x 20.5;Chi tiết
96;Chăm sóc người bệnh tích cực;TTƯT.TS.BS. Ngô Huy Hoàng;Không;Có;0;"1 Tháng: 12000
3 Tháng: 24000
6 Tháng: 42000
3 Năm: 60000";2020;14.5 x 20.5;Chi tiết
97;Thực hành bệnh tim mạch;GS.TS Nguyễn Lân Việt;Có;Có;200000;"1 Tháng: 38000
3 Tháng: 76000
6 Tháng: 133000
3 Năm: 190000";2020;16 x 24;Chi tiết
98;Phục hồi chức năng (Dùng cho bác sĩ định hướng chuyên khoa);Trường Đại học Y Hà Nội - Bộ Môn Phục Hồi Chức Năng;Không;Có;100000;"1 Tháng: 15000
3 Tháng: 30000
6 Tháng: 52000
3 Năm: 70000";2021;19 x 27;Chi tiết
99;Sinh lý bệnh học;Trường Đại học Y Hà Nội - Bộ Môn Miễn Dịch - Sinh Lý Bệnh;Có;Có;115000;"1 Tháng: 40000
3 Tháng: 80000
6 Tháng: 140000
3 Năm: 201000";2021;19 x 27;Chi tiết
100;500 vị thuốc đông y viết theo tên Hán Việt - Việt Hán;TTND.LY. Trần Văn Quảng;Không;Có;0;"1 Tháng: 12000
3 Tháng: 24000
6 Tháng: 42000
3 Năm: 60000";2020;14.5 x 20.5;Chi tiết
101;Bệnh học Tai mũi họng - Đầu mặt cổ;GS.TS. Ngô Ngọc Liễn;Không;Có;235000;"1 Tháng: 25000
3 Tháng: 50000
6 Tháng: 87000
3 Năm: 125000";2019;19 x 27;Chi tiết
102;Bài giảng sản phụ khoa;Trường Đại Học Y Hà Nội - Bộ Môn Phụ Sản;Có;Có;95000;"1 Tháng: 16000
3 Tháng: 32000
6 Tháng: 56000
3 Năm: 80000";2019;19 x 27;Chi tiết
103;Điều dưỡng trong tim mạch;PGS.TS. Phạm Mạnh Hùng;Có;Có;98000;"1 Tháng: 22000
3 Tháng: 44000
6 Tháng: 77000
3 Năm: 95000";2019;19 x 27;Chi tiết
104;Hướng dẫn Chẩn đoán và điều trị một số bệnh thường gặp ở trẻ em;Bộ Y Tế;Có;Có;290000;"1 Tháng: 30000
3 Tháng: 63000
6 Tháng: 105000
3 Năm: 150000";2018;19 x 27;Chi tiết
105;Hướng dẫn Chẩn đoán và điều trị một số bệnh truyền nhiễm;Bộ Y Tế;Có;Có;110000;"1 Tháng: 17000
3 Tháng: 25000
6 Tháng: 57000
3 Năm: 98000";2019;19 x 27;Chi tiết
106;Hướng dẫn quy trình kỹ thuật khám bệnh, chữa bệnh chuyên ngành y học hạt nhân;Bộ Y Tế;Có;Có;131000;"1 Tháng: 20000
3 Tháng: 39000
6 Tháng: 68000
3 Năm: 92000";2015;19 x 27;Chi tiết
107;Hướng dẫn chẩn đoán và điều trị các bệnh Cơ xương khớp;Bộ Y Tế;Có;Có;110000;"1 Tháng: 17000
3 Tháng: 33000
6 Tháng: 57000
3 Năm: 77000";2024;19 x 27;Chi tiết
108;Hướng dẫn quy trình kỹ thuật khám bệnh chữa bệnh chuyên ngành Lao và bệnh phổi;Bộ Y Tế;Có;Có;59000;"1 Tháng: 10000
3 Tháng: 20000
6 Tháng: 35000
3 Năm: 50000";2015;19 x 27;Chi tiết
109;Hướng dẫn quy trình kỹ thuật khám bệnh chữa bệnh chuyên ngành Tai - Mũi - Họng;Bộ Y Tế;Không;Có;123000;"1 Tháng: 18000
3 Tháng: 37000
6 Tháng: 64000
3 Năm: 86000";2015;19 x 27;Chi tiết
110;Hướng dẫn quy trình kỹ thuật khám bệnh chữa bệnh chuyên ngành Ung bướu;Bộ Y Tế;Có;Có;356000;"1 Tháng: 53000
3 Tháng: 107000
6 Tháng: 185000
3 Năm: 249000";2015;19 x 27;Chi tiết
111;Hướng dẫn quy trình kỹ thuật khám bệnh chữa bệnh chuyên ngành Bỏng;Bộ Y Tế;Có;Có;155000;"1 Tháng: 23000
3 Tháng: 47000
6 Tháng: 81000
3 Năm: 109000";2015;19 x 27;Chi tiết
112;Hướng dẫn quy trình kỹ thuật chuyên ngành Hóa Sinh;Bộ Y Tế;Có;Có;209000;"1 Tháng: 31000
3 Tháng: 63000
6 Tháng: 109000
3 Năm: 146000";2015;19 x 27;Chi tiết
113;Hướng dẫn quy trình kỹ thuật chuyên ngành Vi sinh y học;Bộ Y Tế;Có;Có;353000;"1 Tháng: 53000
3 Tháng: 106000
6 Tháng: 184000
3 Năm: 247000";2015;19 x 27;Chi tiết
114;Hướng dẫn chẩn đoán và điều trị một số bệnh về thận – tiết niệu;Bộ Y Tế;Có;Có;100000;"1 Tháng: 15000
3 Tháng: 30000
6 Tháng: 52000
3 Năm: 70000";2016;19 x 27;Chi tiết
115;Hướng dẫn quy trình kỹ thuật khám bệnh chữa bệnh chuyên ngành Phong - Da liễu;Bộ Y Tế;Có;Có;55000;"1 Tháng: 10000
3 Tháng: 20000
6 Tháng: 35000
3 Năm: 50000";2015;19 x 27;Chi tiết
116;Hướng dẫn chẩn đoán và điều trị bệnh hô hấp;Bộ Y Tế;Có;Có;85000;"1 Tháng: 13000
3 Tháng: 26000
6 Tháng: 44000
3 Năm: 59000";2020;19 x 27;Chi tiết
117;Hướng dẫn quy trình kỹ thuật khám bệnh, chữa bệnh chuyên ngành Châm cứu;Bộ Y Tế;Có;Có;443000;"1 Tháng: 66000
3 Tháng: 133000
6 Tháng: 230000
3 Năm: 310000";2015;19 x 27;Chi tiết
118;Hướng dẫn quy trình kỹ thuật khám bệnh, chữa bệnh chuyên ngành Hồi sức - Cấp cứu - Chống độc;Bộ Y Tế;Có;Có;350000;"1 Tháng: 53000
3 Tháng: 105000
6 Tháng: 182000
3 Năm: 263000";2020;19 x 27 cm;Chi tiết
119;Hướng dẫn quy trình kỹ thuật khám bệnh, chữa bệnh Ngoại khoa;Bộ Y Tế;Không;Có;294000;"1 Tháng: 44000
3 Tháng: 88000
6 Tháng: 153000
3 Năm: 206000";2015;19 x 27;Chi tiết
120;Hướng dẫn quy trình kỹ thuật chuyên ngành Chẩn đoán hình ảnh và điện quang can thiệp;Bộ Y Tế;Có;Có;464000;"1 Tháng: 70000
3 Tháng: 139000
6 Tháng: 241000
3 Năm: 325000";2015;19 x 27;Chi tiết
121;Hướng dẫn chẩn đoán và điều trị một số bệnh về Tai mũi họng;Bộ Y Tế;Không;Có;95000;"1 Tháng: 14000
3 Tháng: 29000
6 Tháng: 49000
3 Năm: 67000";2019;19 x 27;Chi tiết
122;Hướng dẫn chẩn đoán và xử trí Ngộ độc;Bộ Y Tế;Có;Có;98000;"1 Tháng: 15000
3 Tháng: 29000
6 Tháng: 51000
3 Năm: 69000";2017;19 x 27;Chi tiết
123;Hướng dẫn chẩn đoán và xử trí hồi sức tích cực;Bộ Y Tế;Không;Có;115000;"1 Tháng: 17000
3 Tháng: 35000
6 Tháng: 60000
3 Năm: 81000";2016;19 x 27;Chi tiết
124;Hướng dẫn chẩn đoán và điều trị bệnh Dị ứng - Miễn dịch lâm sàng;Bộ Y Tế;Có;Có;75000;"1 Tháng: 11000
3 Tháng: 23000
6 Tháng: 39000
3 Năm: 53000";2017;19 x 27;Chi tiết
125;Hướng dẫn chẩn đoán và điều trị một số bệnh Răng hàm mặt;Bộ Y Tế;Không;Có;90000;"1 Tháng: 14000
3 Tháng: 27000
6 Tháng: 47000
3 Năm: 63000";2020;19 x 27;Chi tiết
126;Hướng dẫn chẩn đoán và điều trị các bệnh về mắt;Bộ Y Tế;Có;Có;75000;"1 Tháng: 11000
3 Tháng: 23000
6 Tháng: 39000
3 Năm: 53000";2017;19 x 27;Chi tiết
127;Hướng dẫn quy trình kỹ thuật khám bệnh chữa bệnh chuyên ngành Nhãn khoa;Bộ Y Tế;Có;Có;100000;"1 Tháng: 15000
3 Tháng: 30000
6 Tháng: 52000
3 Năm: 70000";2015;19 x 27;Chi tiết
128;Hướng dẫn quy trình kỹ thuật khám bệnh chữa bệnh chuyên ngành Nội tiết;Bộ Y Tế;Có;Có;113000;"1 Tháng: 17000
3 Tháng: 34000
6 Tháng: 59000
3 Năm: 79000";2015;19 x 27;Chi tiết
129;Hướng dẫn Quy trình kỹ thuật khám bệnh chữa bệnh chuyên ngành Phục hồi chức năng;Bộ Y Tế;Không;Có;125000;"1 Tháng: 19000
3 Tháng: 38000
6 Tháng: 65000
3 Năm: 88000";;19 x 27;Chi tiết
130;Hướng dẫn chẩn đoán và điều trị các bệnh sản phụ khoa;Bộ Y Tế;Có;Có;105000;"1 Tháng: 16000
3 Tháng: 32000
6 Tháng: 55000
3 Năm: 74000";2018;19 x 27;Chi tiết
131;Hướng dẫn chẩn đoán và điều trị một số bệnh lý Huyết học;Bộ Y Tế;Không;Có;110000;"1 Tháng: 17000
3 Tháng: 33000
6 Tháng: 57000
3 Năm: 77000";2016;19 x 27;Chi tiết
132;Hướng dẫn Quy trình kỹ thuật khám bệnh chữa bệnh chuyên ngành Phụ sản;Bộ Y Tế;Có;Có;109000;"1 Tháng: 16000
3 Tháng: 33000
6 Tháng: 57000
3 Năm: 76000";2018;19 x 27;Chi tiết
133;Hướng dẫn Quy trình kỹ thuật khám bệnh chữa bệnh chuyên ngành Huyết học - Truyền máu - Miễn dịch - Di truyền và sinh học phân tử;Bộ Y Tế;Có;Có;150000;"1 Tháng: 23000
3 Tháng: 45000
6 Tháng: 78000
3 Năm: 105000";2015;19 x 27;Chi tiết
134;Cẩm nang sử dụng thuốc;DSCK2. Phạm Thiệp;Không;Có;0;"1 Tháng: 57000
3 Tháng: 114000
6 Tháng: 200000
3 Năm: 285000";2019;14.5 x 20.5;Chi tiết
135;Phẫu thuật nội soi khớp gối;PGS.TS.Nguyễn Xuân Thùy;Có;Có;90000;"1 Tháng: 18000
3 Tháng: 32000
6 Tháng: 63000
3 Năm: 90000";2019;14.5 x 20.5;Chi tiết
136;Tế bào gốc và bệnh lý tế bào gốc tạo máu chẩn đoán - phân loại - điều trị;GS.TSKH. Đỗ Trung Phấn;Có;Có;180000;"1 Tháng: 27000
3 Tháng: 40000
6 Tháng: 94000
3 Năm: 160000";2019;19 x 27;Chi tiết
137;Từ điển cây thuốc Việt Nam (Bộ mới - Tập 2);Võ Văn Chi;Có;Có;665000;"1 Tháng: 100000
3 Tháng: 200000
6 Tháng: 346000
3 Năm: 465000";2021;19 x 27;Chi tiết
138;Từ điển cây thuốc Việt Nam (Bộ mới - Tập 1);Võ Văn Chi;Có;Có;715000;"1 Tháng: 127000
3 Tháng: 254000
6 Tháng: 444000
3 Năm: 635000";2021;19 x 27;Chi tiết
139;Lý sinh y học;Trường Đại Học Y Hà Nội- Bộ Môn Y Vật Lý;Không;Có;130000;"1 Tháng: 19000
3 Tháng: 38000
6 Tháng: 68000
3 Năm: 98000";2019;19 x 27;Chi tiết
140;Dược vật tân biên và ứng dụng lâm sàng;TTƯT. TS. Nguyễn Đức Quang;Có;Có;165000;"1 Tháng: 35000
3 Tháng: 60000
6 Tháng: 90000
3 Năm: 140000";2019;16 x 24;Chi tiết
141;Tài liệu hướng dẫn xử trí đột quỵ não;GS.TS. Nguyễn Văn Thông;Có;Có;32000;"1 Tháng: 10000
3 Tháng: 15000
6 Tháng: 20000
3 Năm: 25000";2019;14.5 x 20.5;Chi tiết
142;Thảo dược quý oải hương/lavender/lavendel (LVD) và công dụng của LVD để bảo vệ sức khỏe con người;TS. Đinh Thị Tuyết Mai;Không;Có;0;"1 Tháng: 10000
3 Tháng: 20000
6 Tháng: 35000
3 Năm: 50000";2019;14.5 x 20.5;Chi tiết
143;Sinh lý bệnh và miễn dịch phần sinh lý bệnh học (sách đào tạo bác sĩ đa khoa);Trường Đại học Y Hà Nội - Bộ Môn Sinh Lý Bệnh - Miễn Dịch;Không;Có;85000;"1 Tháng: 14000
3 Tháng: 28000
6 Tháng: 48000
3 Năm: 70000";2020;14.5 x 20.5;Chi tiết
144;Phương pháp giãn da trong phẫu thuật tạo hình và thẩm mỹ;GS.TS. Trần Thiết Sơn;Có;Có;210000;"1 Tháng: 32000
3 Tháng: 63000
6 Tháng: 109000
3 Năm: 147000";2019;19 x 27;Chi tiết
145;Các vấn đề cơ bản trong phẫu thuật tạo hình thẩm mỹ (Phần II: Da và dị tật bẩm sinh);Trường Đại Học Y Hà Nội - Bộ Môn Phẫu Thuật Tạo Hình;Có;Có;70000;"1 Tháng: 11000
3 Tháng: 21000
6 Tháng: 37000
3 Năm: 53000";2020;19 x 27;Chi tiết
146;Dược lý học lâm sàng;Trường Đại học Y Hà Nội - Bộ môn Dược Lý;Không;Có;168000;"1 Tháng: 38000
3 Tháng: 79000
6 Tháng: 123000
3 Năm: 160000";2021;19 x 27;Chi tiết
147;Nhi khoa Y học cổ truyền (Sách đào tạo Đại học và Sau đại học);Trường Đại học Y hà Nội - Khoa Y học cổ truyền;Không;Có;135000;"1 Tháng: 24000
3 Tháng: 48000
6 Tháng: 84000
3 Năm: 120000";2017;19 x 27;Chi tiết
148;Bệnh học nội khoa Y học cổ truyền (Sách đào tạo bác sĩ chuyên khoa Y học cổ truyền);Trường Đại học Y hà Nội - Khoa Y học cổ truyền;Không;Có;90000;"1 Tháng: 14000
3 Tháng: 33000
6 Tháng: 48000
3 Năm: 68000";2017;19 x 27;Chi tiết
149;Thực tập di truyền y học (Sách dành cho sinh viên);Trường Đại Học Y Hà Nội – Bộ Môn Y Sinh Học - Di Truyền;Có;Có;75000;"1 Tháng: 11000
3 Tháng: 23000
6 Tháng: 39000
3 Năm: 53000";2021;19 x 27;Chi tiết
150;Đông trùng hạ thảo một dược liệu quý hỗ trợ điều trị các bệnh virus, ung thư, HIV/AIDS, đái tháo đường, suy giảm tình dục… và nghiên cứu phát hiện loài đông trùng hạ thảo mới ở Việt Nam;VS.GS.TSKH.BS. Đái Duy Ban;Có;Có;75000;"1 Tháng: 12000
3 Tháng: 24000
6 Tháng: 42000
3 Năm: 60000";2021;14.5 x 20.5;Chi tiết
151;Hướng dẫn chẩn đoán và điều trị một số bệnh về Răng Hàm Mặt;Bộ Y Tế;Không;Có;90000;"1 Tháng: 14000
3 Tháng: 28000
6 Tháng: 52000
3 Năm: 70000";2020;19 x 27;Chi tiết
152;Phương pháp nghiên cứu khoa học - nghiên cứu hệ thống y tế (Dùng cho học viên sau đại học);GS.TS. Đào Văn Dũng;Không;Có;160000;"1 Tháng: 28000
3 Tháng: 56000
6 Tháng: 98000
3 Năm: 140000";2020;16 x 24;Chi tiết
153;Điện trị liệu lâm sàng ;  TS.BS. Cầm Bá Thức;Có;Có;255000;"1 Tháng: 38000
3 Tháng: 77000
6 Tháng: 133000
3 Năm: 179000";2021;19 x 27;Chi tiết
154;Chẩn đoán và điều trị gãy xương trật khớp chi dưới (Giáo trình đào tạo sau đại học);Trường Đại Học Y Hà Nội - Bộ Môn Ngoại;Có;Có;190000;"1 Tháng: 29000
3 Tháng: 57000
6 Tháng: 99000
3 Năm: 133000";2022;19 x 27;Chi tiết
155;Chẩn đoán và điều trị gãy xương trật khớp chi trên (Giáo trình đào tạo sau đại học);Trường Đại Học Y Hà Nội - Bộ Môn Ngoại;Có;Có;190000;"1 Tháng: 29000
3 Tháng: 57000
6 Tháng: 99000
3 Năm: 133000";2022;19 x 27;Chi tiết
156;Tế bào gốc và tế bào gốc ung thư trong chẩn đoán và trị liệu các khối u ác tính;VS.GS.TSKH.BS. Đái Duy Ban;Có;Có;45000;"1 Tháng: 10000
3 Tháng: 20000
6 Tháng: 30000
3 Năm: 40000";2020;14.5 x 20.5;Chi tiết
157;Bài giảng nhi khoa Tập 1 (Sách đào tạo Đại học);Trường Đại Học Y Hà Nội - Bộ Môn Nhi;Có;Có;90000;"1 Tháng: 14000
3 Tháng: 27000
6 Tháng: 47000
3 Năm: 63000";2020;19 x 27;Chi tiết
158;Những điều cần biết cho người bệnh hen phế quản - Dễ hiểu, cập nhật và khoa học;PGS.TS. BSCK2. Nguyễn Văn Đoàn;Có;Có;60000;"1 Tháng: 10000
3 Tháng: 20000
6 Tháng: 35000
3 Năm: 50000";2020;14.5 x 20.5;Chi tiết
159;Bài giảng gây mê hồi sức cơ sở;Trường Đại Học Y Hà Nội - Bộ Môn Gây Mê Hồi Sức;Có;Có;90000;"1 Tháng: 14000
3 Tháng: 27000
6 Tháng: 47000
3 Năm: 63000";2020;19 x 27;Chi tiết
160;Ký sinh trùng y học;Trường Đại Học Y Hà Nội - Bộ Môn Ký Sinh Trùng;Không;Có;100000;"1 Tháng: 16000
3 Tháng: 32000
6 Tháng: 56000
3 Năm: 80000";2020;19 x 27;Chi tiết
161;Bài giảng nhi khoa Tập 2 (Sách đào tạo Đại học);Trường Đại Học Y Hà Nội - Bộ Môn Nhi;Có;Có;135000;"1 Tháng: 20000
3 Tháng: 41000
6 Tháng: 70000
3 Năm: 95000";2023;19 x 27;Chi tiết
162;Tăng huyết áp kẻ giết người thầm lặng;Thầy Thuốc Ưu Tú - BS. Quách Tuấn Vinh;Có;Có;80000;"1 Tháng: 13000
3 Tháng: 26000
6 Tháng: 46000
3 Năm: 65000";2021;14.5 x 20.5;Chi tiết
163;Bệnh học nội khoa thận tiết niệu tập 2 (Giáo trình dùng cho đào tạo sau đại học);Trường Đại Học Y Hà Nội - Bộ Môn Nội Tổng Hợp;Không;Có;185000;"1 Tháng: 28000
3 Tháng: 56000
6 Tháng: 96000
3 Năm: 129000";2021;19 x 27;Chi tiết
164;Bệnh học nội khoa thận tiết niệu tập 1 (Giáo trình dùng cho đào tạo sau đại học);Trường Đại Học Y Hà Nội - Bộ Môn Nội Tổng Hợp;Có;Có;200000;"1 Tháng: 30000
3 Tháng: 60000
6 Tháng: 104000
3 Năm: 150000";2021;19 x 27 cm;Chi tiết
165;Bệnh học ngoại khoa tiết niệu nhi (Dùng cho đào tạo sau đại học);Trường Đại Học Y Hà Nội - Bộ Môn Ngoại;Có;Có;420000;"1 Tháng: 54000
3 Tháng: 108000
6 Tháng: 189000
3 Năm: 270000";2021;19 x 27 cm;Chi tiết
166;Bệnh học ngoại khoa tiêu hóa;Trường Đại Học Y Hà Nội - Bộ Môn Ngoại;Có;Có;568000;"1 Tháng: 85000
3 Tháng: 171000
6 Tháng: 296000
3 Năm: 426000";2021;19 x 27 cm;Chi tiết
167;Hướng dẫn chẩn đoán và điều trị bệnh bằng Y học hạt nhân;Bộ Y Tế;Có;Có;55000;"1 Tháng: 10000
3 Tháng: 20000
6 Tháng: 35000
3 Năm: 50000";2016;19 x 27;Chi tiết
168;Tư vấn di truyền và sàng lọc, chẩn đoán trước sinh;PGS.TS.BSCKII. Cung Bỉnh Trung;Có;Có;65000;"1 Tháng: 10000
3 Tháng: 20000
6 Tháng: 35000
3 Năm: 50000";2021;14.5 x 20.5;Chi tiết
169;Bệnh học ngoại khoa thần kinh (Dùng cho đào tạo sau đại học);Trường Đại Học Y Hà Nội - Bộ Môn Ngoại;Có;Có;260000;"1 Tháng: 39000
3 Tháng: 78000
6 Tháng: 136000
3 Năm: 195000";2021;19 x 27 cm;Chi tiết
170;Bài giảng bệnh học ngoại khoa (Dùng cho sinh viên năm thứ tư);Trường Đại Học Y Hà Nội - Bộ Môn Ngoại;Không;Có;135000;"1 Tháng: 20000
3 Tháng: 41000
6 Tháng: 70000
3 Năm: 95000";2022;19 x 27;Chi tiết
171;Hướng dẫn chẩn đoán và điều trị bệnh tim mạch;Bộ Y Tế;Có;Có;99000;"1 Tháng: 15000
3 Tháng: 30000
6 Tháng: 51000
3 Năm: 69000";2021;19 x 27;Chi tiết
172;Cấp cứu hồi sức nhi khoa triệu chứng, chẩn đoán và điều trị tập 1;PGS.TS. Phạm Văn Thắng;Không;Có;140000;"1 Tháng: 21000
3 Tháng: 42000
6 Tháng: 72000
3 Năm: 105000";2021;15 x 22;Chi tiết
173;Cấp cứu hồi sức nhi khoa triệu chứng, chẩn đoán và điều trị tập 2;PGS.TS. Phạm Văn Thắng;Có;Có;140000;"1 Tháng: 21000
3 Tháng: 42000
6 Tháng: 73000
3 Năm: 105000";2021;15 x 22;Chi tiết
174;Bệnh học ngoại khoa tim mạch - lồng ngực (Dùng cho đào tạo sau đại học);Trường Đại Học Y Hà Nội - Bộ Môn Ngoại;Có;Có;190000;"1 Tháng: 29000
3 Tháng: 57000
6 Tháng: 99000
3 Năm: 143000";2021;19 x 27;Chi tiết
175;Tóc - Các bệnh ảnh hưởng đến tóc và cách điều trị;VS.GS.TSKH.BS. Đái Duy Ban;Không;Có;100000;"1 Tháng: 15000
3 Tháng: 30000
6 Tháng: 52000
3 Năm: 75000";2021;16 x 24;Chi tiết
176;Hồi sức cấp cứu toàn tập;  GS.TS. Vũ Văn Đính;Không;Có;285000;"1 Tháng: 43000
3 Tháng: 86000
6 Tháng: 148000
3 Năm: 210000";2021;14.5 x 20.5;Chi tiết
177;Mô Phôi phần mô học (Sách đào tạo bác sĩ đa khoa);GS.TS. Trịnh Bình;Không;Có;90000;"1 Tháng: 29000
3 Tháng: 58000
6 Tháng: 102000
3 Năm: 146000";2021;14.5 x 20.5;Chi tiết
178;Quản lý và phân tích số liệu y tế sử dụng phần mềm SAS (Sách chuyên khảo);ThS. Vũ Toàn Thịnh;Có;Có;78000;"1 Tháng: 20000
3 Tháng: 40000
6 Tháng: 70000
3 Năm: 90000";2021;19 x 27;Chi tiết
;;;;;;;;;