_id,STT,Don vi quan ly,Ten don vi,Dia chi,So dien thoai,Email,Hieu truong,Loai hinh,Tong so nguoi,So Hieu truong,So Pho Hieu truong,So Giao vien,So Nhan vien,Tong so lop,Tong so hoc sinh,Lop 1,Hoc sinh lop 1,Lop 2,Hoc sinh lop 2,Lop 3,Hoc sinh lop 3,Lop 4,Hoc sinh lop 4,Lop 5,Hoc sinh lop 5
1,1,Phường An Tịnh,Trường Tiểu học Kim Cương,,,,HỒ THỊ THỦY TIÊN,Tư thục,12,1,,6,5,2,39,1,28,1,11,,,,,,
2,2,Phường An Tịnh,Trường Tiểu học Lộc Hưng,khu phố Lộc An; phường An Tịnh; tỉnh Tây Ninh,,0906614724,Lê Trọng Phú,Công lập,34,1,2,29,2,22,613,4,110,4,108,4,124,5,127,5,144
3,3,Phường An Tịnh,Trường Tiểu học Ngô Văn Tô,Khu phố Suối Sâu; phường An Tịnh; tỉnh Tây Ninh,c1ngovanto.trangbangtn@gmail.com,02763880659,Dương Thanh Hà,Công lập,30,1,,26,3,20,823,4,181,4,160,4,161,4,163,4,158
4,4,Phường An Tịnh,Trường Tiểu học Nguyễn Văn Chấu,Quốc lộ 22; khu phố An Bình; phường An Tịnh; tỉnh Tây Ninh,c1nguyenvanchau.tbang@gmail.com,02763880655,Nguyễn Thị Ngọc Minh,Công lập,34,1,1,27,5,22,877,5,204,4,169,5,191,4,165,4,148
5,5,Phường An Tịnh,Trường Tiểu học Thanh Hòa,Trảng bàng,,,Nguyễn Xuân Phúc,Công lập,43,1,,38,4,25,925,5,186,5,187,5,191,5,180,5,181
6,6,Phường An Tịnh,Trường Tiểu học Thành Phú Khương,Phường An Tịnh; Tỉnh Tây Ninh,c1anthanh.trangbang@gmail.com,0663897045,Trần Văn Dũng,Công lập,46,1,2,38,5,29,,6,224,6,204,6,214,6,228,5,160
7,7,Phường An Tịnh,Trường Tiểu học Tịnh Phong,Khu phố Tịnh Phong; Phường An Tịnh; Tỉnh Tây Ninh,c1tinhphong.trangbang@gmail.com,02763897115,Nguyễn Văn Vững,Công lập,16,1,1,12,2,7,257,1,44,1,43,2,65,2,67,1,38
8,8,Phường Bình Minh,Trường Tiểu học Hoàng Diệu,thành phố Tây Ninh,hoangdieutieuhoc@gmail.com,02763820989,Nguyễn Thị Kim Ngọc,Công lập,20,1,,15,4,10,295,2,56,2,60,2,49,2,77,2,53
9,9,Phường Bình Minh,Trường Tiểu học La Văn Cầu,Số 876; Đường 785; KP Thạnh Đông,lavancau.tptayninh@gmail.com,0973726167,Phạm Thị Bình,Công lập,16,1,,12,3,8,200,1,38,1,29,2,46,2,41,2,46
10,10,Phường Bình Minh,Trường Tiểu học Lê Ngọc Hân,số 04; khu phố Thạnh Trung; phường Bình Minh; tỉnh Tây Ninh,,02763839110,Trịnh Thị Thanh Tâm,Công lập,35,1,1,28,5,23,822,5,173,5,159,5,169,4,160,4,161
11,11,Phường Bình Minh,Trường Tiểu học Nguyễn Khuyến,Phường Bình Minh; tỉnh Tây Ninh,,,Trần Thị Thu An,Công lập,28,1,1,21,5,15,493,3,98,3,95,3,97,3,102,3,101
12,12,Phường Bình Minh,Trường Tiểu học Nguyễn Thái Bình,101; đừng Trần Văn Trà; khu phố Bình Trung; phường Bình Minh; Tây Ninh,thngthaibinhq@gmail.com,0273816031,Nguyễn Thị Dung,Công lập,20,1,1,15,3,10,314,2,73,2,63,2,59,2,61,2,58
13,13,Phường Bình Minh,Trường Tiểu học Nguyễn Thị Minh Khai,Thành phố Tây Ninh,minhkhai.tx@gmail.com,02763823700,Ngô Thị Hiền,Công lập,27,1,1,20,5,14,418,3,98,3,76,2,68,3,90,3,86
14,14,Phường Bình Minh,Trường Tiểu học Trương Định,Số 56; đường Huỳnh Tấn Phát; phường Bình Minh; tỉnh Tây Ninh,truongdinhtxtn@gmail.com,02763823611,Huỳnh Thị Thơm,Công lập,59,1,2,50,6,35,,7,250,7,272,7,253,7,262,7,233
15,15,Phường Gia Lộc,Trường Tiểu học Huỳnh Lâm Tân,Khu phố Gia Lâm; phường Gia Lộc; tỉnh Tây Ninh,c1huynhlamtan.trangbang@gmail.com,,Trần Văn Chon,Công lập,18,1,1,13,3,10,367,2,77,2,61,2,80,2,74,2,75
16,16,Phường Gia Lộc,Trường Tiểu học Lộc Khê,Khu Phố Lộc Khê,c1lockhe.tbang@gmail.com,,Nguyễn Thương Hoài,Công lập,24,1,1,19,3,15,557,3,110,3,98,3,107,3,121,3,121
17,17,Phường Gia Lộc,Trường Tiểu học Lộc Trát,Trảng Bàng,c1loctrat.trangbang@gmail.com,,,Công lập,23,1,1,19,2,14,488,3,104,3,90,2,91,3,102,3,101
18,18,Phường Gia Lộc,Trường Tiểu học Phước Đức,Khu Phố Phước Đức B- Phường Gia Lộc- Tây Ninh,C1phuocducgd.tayninh@moet.edu.vn,,Hoàng Thị Thu Hằng,Công lập,24,1,1,19,3,15,588,3,130,3,114,3,122,3,118,3,104
19,19,Phường Gia Lộc,Trường Tiểu học Suối Cao,Khu phố Suối Cao A; phường Gia Lộc; tỉnh Tây Ninh,,,Hồ Quốc Tuấn,Công lập,43,1,1,36,5,24,928,5,197,5,174,5,192,5,200,4,165
20,20,Phường Gia Lộc,Trường Tiểu học và THCS Á Châu,ấp Xóm Bố; Phước Thạnh; Tây Ninh,bichnguyen1969@gmail.com,,Nguyễn Thị Ngọc Bích,Tư thục,5,1,,4,,2,42,1,28,1,14,,,,,,
21,21,Phường Gò Dầu,Trường Tiểu học Bình Nguyên,Khu phố Bình Nguyên 1- Phường Gò Dầu,,02763881405,Giao Thị Kim Hoắng,Công lập,19,1,,15,3,10,339,2,60,2,59,2,62,2,69,2,89
22,22,Phường Gò Dầu,Trường Tiểu học Gia Bình,,,,Trần Thị Ngọc Nhung,Công lập,20,1,,16,3,10,400,2,78,2,70,2,80,2,86,2,86
23,23,Phường Gò Dầu,Trường Tiểu học Thanh Bình,Gò Dầu; Phường Gò Dầu; Tỉnh Tây Ninh,c1thanhbinhgd.tayninh@moet.edu.vn,,Đặng Minh Thiện,Công lập,27,1,1,22,3,15,584,3,134,3,112,3,129,3,106,3,103
24,24,Phường Gò Dầu,Trường Tiểu học Thanh Hà,Khu phố Thanh Hà; phường Gò Dầu; tỉnhTây Ninh,c1thanhhagd.tayninh@moet.edu.vn,07263853907,Lê Hữu Bách,Công lập,38,1,1,32,4,20,768,4,163,4,141,4,154,4,171,4,139
25,25,Phường Gò Dầu,Trường Tiểu học Thị Trấn Gò Dầu,Phường 3; Thị xã Tây Ninh; Tây Ninh,c1thitrangd.tayninh@moet.edu.vn,02763853775,Trần Thị Thúy Ngân,Công lập,43,1,1,36,5,25,873,5,173,5,165,5,186,5,174,5,175
26,26,Phường Gò Dầu,Trường Tiểu học Trâm Vàng,Khu phố Trâm Vàng 3; Phường Gò Dầu; Tỉnh Tây Ninh,,,Nguyễn Thị Ngọc Anh,Công lập,30,1,1,24,4,16,590,3,104,3,115,3,113,4,141,3,117
27,27,Phường Gò Dầu,Trường Tiểu học Trần Quốc Đại,Khu phố Xóm Đồng; phường Gò Dầu; Tây Ninh,c1tranquocdaigd.tayninh@moet.edu.vn,02763514440,Lê Thị Kiều Xuân,Công lập,21,1,1,15,4,10,302,2,65,2,60,2,66,2,56,2,55
28,28,Phường Gò Dầu,Trường Tiểu học Xóm Mới,Gò Dầu,c1xommoigd.tayninh@moet.edu.vn,,Võ Kim Chung,Công lập,19,1,1,13,4,10,347,2,65,2,55,2,76,2,80,2,71
29,29,Phường Hòa Thành,Trường Tiểu học Bạch Đằng,số 585 Quốc lộ 22B khu phồ Long Yên,,02763840638,Lê Hùng Cường,Công lập,21,1,1,15,4,9,282,1,36,2,56,2,54,2,68,2,68
30,30,Phường Hòa Thành,Trường Tiểu học Đoàn Thị Điểm,Số 289 Phạm Hùng; khu phố Long Thới; phường Hoà Thành; tỉnh Tây Ninh.,doanthidiemth@gmail.com,02763843654,Trần Văn Khiêm,Công lập,32,1,1,26,4,16,533,3,115,3,96,3,100,3,106,4,116
31,31,Phường Hòa Thành,Trường Tiểu học Lê Lai,khu phố Long Bình,tieuhoclelai@gmail.com,0663841581,Trần Anh Tuấn,Công lập,36,1,1,29,5,19,577,4,115,3,105,4,126,4,120,4,111
32,32,Phường Hòa Thành,Trường Tiểu học Nguyễn Thị Minh Khai,số 4; đường số32 Phạm Hùng; khu phố Long Chí,ntmk.ht.tn@gmail.com,02763840742,Nguyễn Trung Hậu,Công lập,40,1,1,33,5,20,675,4,148,4,131,4,141,4,135,4,120
33,33,Phường Khánh Hậu,Trường Tiểu học Khánh Hậu,296 Nguyễn Huỳnh Đức - phường Khánh Hậu - tỉnh Tây Ninh,,02723511132,LÂM VĂN ANH,Công lập,33,1,1,29,2,20,689,4,166,4,139,4,138,4,117,4,129
34,34,Phường Khánh Hậu,Trường Tiểu học Ngãi Lợi,Ấp Ngãi Lợi A - Lợi Bình Nhơn - TP Tân An - Long An,,02723833043,Trần Thị A,Công lập,34,1,1,29,3,19,640,3,121,4,123,4,132,4,134,4,130
35,35,Phường Khánh Hậu,Trường Tiểu học Tân Khánh,150/5; Phạm Văn Ngô; KP Nhơn Hậu 1 - p Khánh Hậu; Tây Ninh,C1tankhanhta.longan@moet.edu.vn,02723512484,Võ Thị Quít,Công lập,23,1,1,19,2,12,404,2,87,2,84,2,62,3,85,3,86
36,36,Phường Kiến Tường,Trường Tiểu học Huỳnh Việt Thanh,131 Lý Thường Kiệt - khu phố 1 - Phường Kiến Tường,,02723841587,Đỗ Thị Cẩm Tú,Công lập,24,1,,21,2,11,347,2,66,2,70,3,79,2,69,2,63
37,37,Phường Kiến Tường,Trường Tiểu học Ngô Quyền,Số 26; đường Hoàng Quốc Việt; khu phố 10; phường Kiến Tường,,02723843406,Huỳnh Trí Bền,Công lập,23,1,1,18,3,13,372,3,84,2,60,2,70,3,79,3,79
38,38,Phường Kiến Tường,Trường Tiểu học Nguyễn Tấn Kiều,số 23; đường 30/4; Khu phố 3;phường Kiến Tường; tỉnh Tây Ninh,,02723841466,Đặng Thanh Trang,Công lập,32,1,1,28,2,20,633,4,133,4,114,4,120,4,136,4,130
39,39,Phường Kiến Tường,Trường Tiểu học Nguyễn Thái Bình,Phường Kiến Tường,c1nguyenthaibinh.kt.longan@moet.edu.vn,02723957456,Nguyễn Văn Hông Phương,Công lập,23,1,1,19,2,13,396,3,80,3,88,3,90,2,74,2,64
40,40,Phường Long An,Trường TH; THCS&THPT Hà Long,11/300 Nguyễn Minh Trường,c23halong.longan@gmail.com,,Trần Quang Hiệp,Tư thục,10,,,10,,9,243,2,66,2,60,2,42,2,43,1,32
41,41,Phường Long An,Trường Tiểu học Cần Đốt,Số 440 Lê Văn Kiệt - KPBC3 - Phường Long An - Tỉnh Tây Ninh,tieuhoccandot@tayninh.gov.vn,02723830250,Nguyễn Thành Lương,Công lập,39,1,1,35,2,23,733,5,162,5,142,4,140,4,136,5,153
42,42,Phường Long An,Trường Tiểu học Hướng Thọ Phú,Số 732 đường Đỗ Trình Thoại; khu phố Thọ Phú 1; phường Long An; tỉnh Tây Ninh,,02723822453,Nguyễn Thị Đông Thùy,Công lập,35,1,1,30,3,20,644,4,130,3,105,4,133,4,129,5,147
43,43,Phường Long An,Trường Tiểu học Lý Tự Trọng,37 Võ Văn Môn - phường Long An - tỉnh Tây Ninh,,,Lê Thị Mỹ Hạnh,Công lập,54,1,2,46,5,30,,6,230,6,227,6,246,6,233,6,222
44,44,Phường Long An,Trường Tiểu học Nguyễn Trung Trực,159 Châu Thị Kim - Khu phố Bình Lập 4 - Phường Long An - Tỉnh Tây Ninh,c1nguyentrungtructa.longan@moet.edu.vn,02723551596,Lê Quang Vinh,Công lập,54,1,2,49,2,33,,6,231,7,234,7,253,6,228,7,249
45,45,Phường Long An,Trường Tiểu học Phú Nhơn,KP Phú Nhơn - Phường Long An - Tỉnh Tây Ninh,truongthphunhon@gmail.com,02723823037,PHẠM VĂN LỆ,Công lập,44,1,2,39,2,27,844,5,157,5,172,5,153,6,170,6,192
46,46,Phường Long An,Trường Tiểu học Tân An,44 Sương Nguyệt Anh - Phường 2 - TP tân An - Long an,,02723829384,Trần Thị Thi,Công lập,67,1,2,60,4,42,,9,355,8,360,8,356,9,369,8,364
47,47,Phường Long An,Trường Tiểu học Võ Thị Sáu,122 CMT8 - Phường 1 - TP Tân An - Long An,C1vothisauta.longan@moet.edu.vn,02723828471,Nguyễn Văn Bơ,Công lập,57,1,2,50,4,33,,6,221,6,211,6,220,7,236,8,274
48,48,Phường Long Hoa,Trường Tiểu học Bùi Thị Xuân,KP Trường Phước; P. Long Hoa; Tây Ninh,thbuithixuan.ht@gmail.com,02763843660,Nguyễn Thanh Tùng,Công lập,35,1,1,27,6,18,535,4,110,3,101,4,104,4,126,3,94
49,49,Phường Long Hoa,Trường Tiểu học Châu Văn Liêm,Xã Long Thành Bắc; Huyện Hòa Thành; Tây Ninh,thchauliem@gmail.com,02763842489,Mai Xuân Thưởng,Công lập,33,1,1,27,4,18,571,3,98,4,125,3,108,4,129,4,111
50,50,Phường Long Hoa,Trường Tiểu học Lê Hồng Phong,Số 28; Đường số 1; Đường Bàu Ếch; Kp Trường Thiện;Phường Long Hoa; tỉnh Tây Ninh,truongtieuhoclehongphonght@gmail.com,0276 3840009,Lê Thị Trắng,Công lập,30,1,1,24,4,15,527,3,111,3,104,3,110,3,102,3,100
51,51,Phường Long Hoa,Trường Tiểu học Lê Lợi,Trịnh Phong Đáng; Phường Long Hoa; Tỉnh Tây Ninh,truongtieuhocleloitxht@gmail.com,02763840202,Bùi Tấn Phương,Công lập,29,1,1,23,4,15,376,3,70,3,74,3,81,3,75,3,76
52,52,Phường Long Hoa,Trường Tiểu học Lương Thế Vinh,Khu phố 4 (Nội ô Toà Thánh); phường Long Hoa; tỉnh Tây Ninh,luongthevinhhoathanh@gmail.com,02763842201,Nguyễn Hữu Lễ,Công lập,53,1,1,46,5,31,,6,238,6,254,6,240,6,261,7,296
53,53,Phường Long Hoa,Trường Tiểu học Nguyễn Đình Chiểu,Phường Long Hoa; Tỉnh Tây Ninh,truongnguyendinhchieuht@gmail.com,02763841233,Võ Quang Truyền,Công lập,59,1,2,50,6,33,,7,234,6,198,6,216,7,235,7,256
54,54,Phường Long Hoa,Trường Tiểu học Nguyễn Du,Khu phố Trường An-Long Hoa-Tây Ninh,truongthtayb@gmail.com,02763847162,Phạm Duy Thức,Công lập,30,1,1,23,5,15,496,3,101,3,103,3,104,3,103,3,85
55,55,Phường Long Hoa,Trường Tiểu học Nguyễn Văn Trỗi,Hòa Thành,truongnguyenvantroiht@gmail.com,02763844908,,Công lập,22,,1,16,5,10,239,2,44,2,45,2,46,2,50,2,54
56,56,Phường Long Hoa,Trường Tiểu học Nguyễn Viết Xuân,Số 1027; Quốc lộ 22B; Khu phố Trường Ân,nguyenvietxuantxht@gmail.com,02763843576,Nguyễn Thanh Lâm,Công lập,38,1,,32,5,19,441,4,91,3,74,4,95,4,96,4,85
57,57,Phường Long Hoa,Trường Tiểu học Phạm Hùng,Xã Trường Tây; Huyện Hòa Thành; Tây Ninh,phamhunghoathanh@gmail.com,,,Công lập,34,,1,29,4,20,687,4,145,4,134,4,142,4,131,4,135
58,58,Phường Long Hoa,Trường Tiểu học Trần Quốc Toản,828A đường Nguyễn Văn Linh; khu phố Trường Lưu,tranquoctoan.hoathanh@gmail.com,02763844580,Trần Thiện Lương,Công lập,51,1,2,42,6,28,972,6,203,6,199,6,205,5,187,5,178
59,59,Phường Ninh Thạnh,Trường Tiểu học Bàu Năng A,Phường Ninh Thạnh; Tỉnh Tây Ninh,c1ninhhiepdmc.tayninh@moet.edu.vn,02763820996,Trần Việt Phi,Công lập,33,1,1,26,5,15,506,3,103,3,99,3,92,3,112,3,100
60,60,Phường Ninh Thạnh,Trường Tiểu học Bàu Năng B,Khu phố Ninh Phú; Phường Ninh Thạnh; Tây Ninh,c1ninhphudmc.tayninh@moet.edu.vn,0983008272,Lê Văn Hoàn,Công lập,34,1,1,27,5,17,607,4,139,3,124,3,114,3,105,4,125
61,61,Phường Ninh Thạnh,Trường Tiểu học Chà Là,KP Bình Linh; Phường Ninh Thạnh; tỉnh Tây Ninh,c1binhlinhdmc.tayninh@moet.edu.vn,,Ngô Việt Chương,Công lập,37,1,1,30,5,20,619,4,120,4,121,4,133,4,126,4,119
62,62,Phường Ninh Thạnh,Trường Tiểu học Duy Tân,Xã Ninh Thạnh; Thị xã Tây Ninh; Tây Ninh,duytanninhthanh@gmail.com,02763824003,Võ Hồng Châu,Công lập,31,1,1,24,5,15,467,3,91,3,84,3,95,3,105,3,92
63,63,Phường Ninh Thạnh,Trường Tiểu học Võ Trường Toản,Tp Tây ninh,thvotruongtoan@gmail.com,02763828896,Phát Hòa,Công lập,27,1,1,19,6,14,500,2,70,3,104,3,101,3,120,3,105
64,64,Phường Tân An,Trường Tiểu học An Vĩnh Ngãi,778 Châu Thị Kim; Khu phố Vĩnh Bình,,02723823514,NGUYỄN THỊ MẾN,Công lập,27,1,1,22,3,15,444,3,87,3,80,3,96,3,87,3,94
65,65,Phường Tân An,Trường Tiểu học Bình Tâm,Ấp 1 - Bình Tâm - TP Tân An - Long An,,02723822839,Trần Ngọc Thi,Công lập,26,1,,23,2,15,458,3,101,3,93,3,89,3,87,3,88
66,66,Phường Tân An,Trường Tiểu học Châu Thị Kim,79 Đỗ Văn Giàu; Khu phố An Thuận 2; Phường Tân An; Tỉnh Tây Ninh,c1chauthikimta.longan@moet.edu.vn,02723576858,Đặng Hữu Quan,Công lập,20,1,1,16,2,10,317,2,67,2,66,2,54,2,72,2,58
67,67,Phường Tân An,Trường Tiểu học Nhơn Thạnh Trung,Số 10; Bùi Tấn; KP Nhơn Thuận; Phường Tân An; Tỉnh Tây Ninh,c1nhonthanhtrungta.longan@moet.edu.vn,02723912468,Trần Trung Trí,Công lập,25,1,1,21,2,13,421,3,88,2,69,3,86,3,102,2,76
68,68,Phường Tân Ninh,Trường TH; THCS&THPT IGC Tây Ninh,Đường Lương Thế Vinh; Khu Phố 8; Phường Tân Ninh; Tỉnh Tây Ninh,info.stn@igcschool.edu.vn,,Lê Hữu Tuấn Nam,Tư thục,24,,1,21,2,11,243,3,67,2,41,2,41,2,52,2,42
69,69,Phường Tân Ninh,Trường TH; THCS&THPT Nguyễn Bỉnh Khiêm,Phường Tân Ninh; Tây Ninh,c3nguyenbinhkhiem.tayninh@moet.edu.vn,,,Tư thục,0,,,,,,671,,138,,144,,129,,138,,122
70,70,Phường Tân Ninh,Trường Tiểu học Bình Phong,Châu Thành,tieuhocbinhphong@gmail.com,02763789392,Nguyễn Thị Thanh Vân,Công lập,35,1,1,29,4,20,259,4,56,4,45,4,53,4,49,4,56
71,71,Phường Tân Ninh,Trường Tiểu học Bùi Thị Xuân,Số 207; đường Trần Hưng Đạo; khu phố 22,tieuhocbuithixuan.tptn@gmail.com,02763827985,Trần Thị Tuyết Mai,Công lập,20,1,1,13,5,10,,2,265,2,272,2,300,2,276,2,297
72,72,Phường Tân Ninh,Trường Tiểu học Kim Đồng,Số 8 Nguyễn Thái Học khu phố 14 phường Tân Ninh; tỉnh Tây Ninh,kimdongth2020@gmail.com,02763822448,Mai Thị Thanh Xuyên,Công lập,63,1,2,53,7,36,515,7,98,7,111,8,94,7,113,7,99
73,73,Phường Tân Ninh,Trường Tiểu học Lê Văn Tám,Phường 1; Thị xã Tây Ninh; Tây Ninh,,,Trương Hoàng Thanh Thảo,Công lập,31,1,1,25,4,16,792,3,159,4,134,3,159,3,165,3,175
74,74,Phường Tân Ninh,Trường Tiểu học Nguyễn Du,Phường Tân Ninh- TỉnhTây Ninh,thnguyendutptn@gmail.com,,Trần Thị Lan Dung,Công lập,41,1,2,33,5,25,815,5,167,4,159,5,162,5,173,6,154
75,75,Phường Tân Ninh,Trường Tiểu học Nguyễn Hiền,Số 68; khu phố 6,thucnghiemgdpt@gmail.com,0944316336,Cao Thị Anh Thi,Công lập,38,1,1,32,4,23,953,5,185,5,193,4,166,5,208,4,201
76,76,Phường Tân Ninh,Trường Tiểu học Tôn Thất Tùng,139 đường Nguyễn Trãi; khu phố 13;,tonthattung2015@gmail.com,02763622052,Nguyễn Văn Trung,Công lập,50,1,1,41,7,29,456,6,107,6,60,5,102,6,81,6,106
77,77,Phường Tân Ninh,Trường Tiểu Học Trần Phú,Phường Hiệp Ninh; Thị xã Tây Ninh; Tây Ninh,tranphutx@gmail.com,,,Công lập,25,,1,20,4,14,413,3,83,2,65,3,84,3,91,3,90
78,78,Phường Tân Ninh,Trường Tiểu học Trần Quốc Toản,Số 137; Đường Tỉnh 786; Khu Phố 18; Phường Tân Ninh; Tỉnh Tây Ninh,tranquoctoan786@gmail.com,,Nguyễn Xuân Trí,Công lập,26,1,1,20,4,13,,2,288,2,262,3,250,3,244,3,239
79,79,Phường Tân Ninh,Trường Tiểu học Võ Thị Sáu (Tân Ninh),Phường 3; Thị xã Tây Ninh; Tây Ninh,vothisautptn@gmail.com,02763822467,Trần Thị Thanh Quyên,Công lập,55,1,2,46,6,34,508,8,121,7,93,7,96,6,109,6,89
80,80,Phường Thanh Điền,Trường Tiểu Học Chu Văn An,Phường Thanh Điền,thchuvanan01072025@gmail.com,,Trần Thanh Ngân,Công lập,31,1,1,24,5,16,405,4,92,3,66,3,77,3,85,3,85
81,81,Phường Thanh Điền,Trường Tiểu học Lê Thị Hồng Gấm,89 Lạc Long Quân; phường Thanh Điền; tỉnh Tây Ninh,truongthlethihonggamchuyenmon@gmail.com,02763840303,Trần Thị Hương Thùy,Công lập,28,1,,22,5,13,303,3,69,2,58,2,58,3,63,3,55
82,82,Phường Thanh Điền,Trường Tiểu học Lương Thế Vinh,Khu phố Thanh Phước,truongtienthanhdien2024@gmail.com,,Võ Thị Phương Khanh,Công lập,23,1,1,17,4,12,399,3,80,3,83,2,83,2,90,2,63
83,83,Phường Thanh Điền,Trường Tiểu học Quang Trung,Phường Thanh Điền; Tỉnh Tây Ninh,,,Lê Thị Ngọc Thu,Công lập,32,1,1,25,5,16,186,4,26,3,34,3,46,4,40,2,40
84,84,Phường Thanh Điền,Trường Tiểu học Triệu Thị Trinh,Khu phố Hiệp Trường,tieuhoctrieuthitrinh@gmail.com,02763848820,,Công lập,16,1,1,11,3,6,388,1,93,1,75,2,78,1,83,1,59
85,85,Phường Thanh Điền,Trường Tiểu học và THCS Trưng Vương,11A; đường số 2; Phạm Văn Đồng; Khu phố 2; phường hiệp Tân; Thị xã Hòa Thành tỉnh Tây Ninh,trungvuonghoathanh@gmail.com,02763823250,Lâm Thành Hiểu,Công lập,20,,1,17,2,12,783,3,167,2,140,2,143,3,181,2,152
86,86,Phường Trảng Bàng,Trường Tiểu học An Hòa,,,,Lâm Trí Dũng,Công lập,36,1,,30,5,24,376,5,79,5,73,5,74,5,77,4,73
87,87,Phường Trảng Bàng,Trường Tiểu học An Hội,Khu phố Hòa Hội,c1anhoitrangbangtayninh@gmail.com,,Nguyễn Thanh Bình,Công lập,19,1,1,14,3,10,523,2,112,2,95,2,106,2,110,2,100
88,88,Phường Trảng Bàng,Trường Tiểu học An Phú,Khu phố Hòa Phú; phường Trảng Bàng; tỉnh Tây Ninh,c1anphu.trangbang@gmail.com,02763881603,Phạm Hữu Phước,Công lập,26,1,1,21,3,15,,3,259,3,202,3,210,3,213,3,157
89,89,Phường Trảng Bàng,Trường Tiểu học Đặng Văn Trước,Trảng Bàng,thdangvantruoc.trb@tayninh.gov.vn,0273880137,Nguyễn Văn Trí,Công lập,37,1,1,32,3,25,568,6,116,5,99,5,94,5,128,4,131
90,90,Phường Trảng Bàng,Trường Tiểu học Trảng Bàng,Khu phố Gia Huỳnh; phường Trảng Bàng; tỉnh Tây Ninh,c1thitran.trangbang@gmail.com,02763880136,Trịnh Quốc Khánh,Công lập,30,1,1,25,3,17,395,3,90,3,87,3,71,4,72,4,75
91,91,Phường Trảng Bàng,Trường Tiểu học Vàm Trảng,Khu Phố An Quới- Phường Trảng Bàng - Tỉnh Tây Ninh,c1vamtrang.trangbang@gmail.com,,Nguyễn Văn Xứ,Công lập,13,1,1,9,2,10,109,2,43,2,35,2,31,2,,2,
92,92,Phường Trảng Bàng,Trường Tiểu học Việt Úc,KP Lộc Thành,truongtieuvietuc@gmail.com,0909775993,Võ Thị Hồng,Tư thục,17,1,,10,6,5,621,2,133,2,121,1,121,,127,,119
93,93,Xã An Lục Long,Trường Tiểu học An Lục Long,ấp Lộ Đá; xã An Lục Long,c1anluclongct.longan@moet.edu.vn,02723888242,Nguyễn Văn Ninh,Công lập,41,1,1,34,5,22,459,4,96,4,97,5,85,5,90,4,91
94,94,Xã An Lục Long,Trường Tiểu học Dương Xuân Hội,ấp Vĩnh Xuân A,c1duongxuanhoict.longan@moet.edu.vn,02723877667,Nguyễn Văn Cường,Công lập,26,1,,23,2,15,460,3,90,3,85,3,77,3,98,3,110
95,95,Xã An Lục Long,Trường Tiểu học Long Trì,Ấp Long Thành; xã An Lục Long,c1longtrict.longan@moet.edu.vn,02723877337,Châu Minh Thành,Công lập,27,1,1,23,2,15,800,3,156,3,154,3,161,3,157,3,172
96,96,Xã An Ninh,Trường Tiểu học An Ninh Đông,Ấp An Hiệp; xã An Ninh Đông,,02723853252,Lê Ngọc Sơn,Công lập,34,1,1,29,3,25,631,5,110,5,126,5,139,5,117,5,139
97,97,Xã An Ninh,Trường Tiểu học An Ninh Tây,Ấp An Thạnh; xã An Ninh Tây,c1anninhtaydh.longan@moet.edu.vn,02723853257,TRẦN THỊ NGỌC PHỤNG,Công lập,30,1,2,25,2,19,680,3,170,4,106,4,141,4,137,4,126
98,98,Xã An Ninh,Trường Tiểu học Lộc Giang A,Ấp Lộc Thạnh; xã An Ninh,,02723853253,Trần Thanh Trúc,Công lập,28,1,1,25,1,20,419,5,92,3,79,4,85,4,76,4,87
99,99,Xã An Ninh,Trường Tiểu học và THCS Lộc Giang,Long An,,,,Công lập,18,,1,17,,14,756,3,153,3,136,3,174,2,148,3,145
100,100,Xã Bến Cầu,Trường Tiểu học An Thạnh,ấp Chánh; Xã Bến Cầu; tỉnh Tây Ninh,,02763640054,Nguyễn Thị Nhiên,Công lập,43,1,1,37,4,25,,5,213,5,202,6,199,5,234,4,179
101,101,Xã Bến Cầu,Trường Tiểu học Bến Cầu,Ấp Thuận Bắc; xã Bến Cầu; tỉnh Tây Ninh,c1thitranbc.tayninh@moet.edu.vn,0663876280,Lê Tấn Phước,Công lập,53,1,2,46,4,29,489,6,102,6,91,6,102,6,107,5,87
102,102,Xã Bến Cầu,Trường Tiểu học Lợi Thuận,Bến Cầu,,,Ngô Tấn Hiểu,Công lập,39,1,1,32,5,20,280,4,54,4,47,4,70,4,63,4,46
103,103,Xã Bến Cầu,Trường Tiểu học Tiên Thuận A,Bến Cầu,C1tienthuanabc.tayninh@moet.edu.vn,,Nguyễn Hữu Chí,Công lập,24,1,1,20,2,11,226,2,41,2,41,3,44,2,48,2,52
104,104,Xã Bến Cầu,Trường Tiểu học Tiên Thuận B,Xã Tiên Thuận; Huyện Bến Cầu; Tây Ninh,c1tienthuanbbctayninh2511@gmail.com,,Nguyễn Thanh Tùng,Công lập,23,1,1,19,2,10,177,2,30,2,38,2,35,2,38,2,36
105,105,Xã Bến Cầu,Trường Tiểu học Tiên Thuận C,Bến cầu,c1tienthuancbc.tayninh@moet.edu.vn,02763876688,Huỳnh Thanh Tú,Công lập,20,1,1,15,3,8,125,1,28,2,36,1,25,2,15,2,21
106,106,Xã Bến Lức,Trường TH; THCS&THPT Emasi Plus - Waterpoint Campus,Khu đô thị Waterpoint; ĐT830,info@emasiplus.edu.vn,02844558585,Nguyễn Thị Thu Cúc,Tư thục,9,,,9,,7,183,2,30,2,32,1,41,1,45,1,35
107,107,Xã Bến Lức,Trường TH; THCS&THPT iSchool Long An,Số 6 Khu phố 3; đường Mai Thị Non; xã Bến Lức; tỉnh Tây Ninh,,,Nguyễn Trọng Chí,Tư thục,14,,,11,3,10,968,2,234,2,177,2,197,2,181,2,179
108,108,Xã Bến Lức,Trường Tiểu học  Bến Lức,Đường số 14; ấp Bến Lức 10; xã Bến Lức; tỉnh Tây Ninh,,0723871292,Lê Thành Khởi,Công lập,39,1,1,33,4,27,983,6,191,5,196,6,187,5,207,5,202
109,109,Xã Bến Lức,Trường Tiểu học An Thạnh,Ấp 1 A An Thạnh; xã Bến Lức; tỉnh Tây Ninh,c1anthanhbl.tayninh@moet.edu.vn,02723871750,,Công lập,34,,2,31,1,30,254,6,50,6,46,6,61,6,47,6,50
110,110,Xã Bến Lức,Trường Tiểu học Gò Dung,Ấp 6 An Thạnh,c1godungbl.longan@moet.edu.vn,02723872755,TRẦN THỊ CẨM HỒNG,Công lập,18,1,1,14,2,10,986,2,215,2,200,2,189,2,174,2,208
111,111,Xã Bến Lức,Trường Tiểu học Mai Thị Non,Số 10; Đường Mai Thị Non; Ấp Bến Lức 3; Xã Bến Lức; Tỉnh Tây Ninh,,02723871084,,Công lập,45,,2,40,3,28,679,6,149,6,123,5,156,5,140,6,111
112,112,Xã Bến Lức,Trường Tiểu học Nguyễn Văn Siêu,Ấp Phước Tú; xã Bến Lức; tỉnh Tây Ninh,c1nguyenvansieubl.longan@moet.edu.vn,0981987899,Trần Thanh Phong,Công lập,35,1,1,30,3,20,82,4,18,4,21,5,14,4,16,3,13
113,113,Xã Bến Lức,Trường Tiểu học Tân Hòa,Ấp 6 An Thạnh,c1tanhoabl.longan@moet.edu.vn,0723873340,TRẦN HỮU HẠNH,Công lập,10,1,1,6,2,5,,1,248,1,210,1,215,1,202,1,204
114,114,Xã Bến Lức,Trường Tiểu học Thuận Đạo,170 Nguyễn Văn Tuôi; ấp Bến Lức 6 Xã Bến Lức; tỉnh Tây Ninh,c1thuandaobl.longan@moet.edu.vn,02723872517,Đinh Thị Kim Dung,Công lập,48,1,2,42,3,30,787,6,151,6,156,6,168,6,147,6,165
115,115,Xã Bến Lức,Trường Tiểu học và THCS Thanh Phú,Ấp Thanh Hiệp Thanh Phú; xã Bến Lức; tỉnh Tây Ninh,,02723872149,,Công lập,33,,1,32,,24,536,5,116,5,95,5,99,4,125,5,101
116,116,Xã Bình Đức,Trường Tiểu học Bình Chánh,Khu dân cư Thanh Yến; ấp 5,c1binhchanh.tayninh@moet.edu.vn,0723871437,,Công lập,28,,,24,4,17,581,4,136,3,119,3,115,4,107,3,104
117,117,Xã Bình Đức,Trường Tiểu học Bình Nhựt,Ấp 1; xã Nhựt Chánh,,02723872553,Nguyễn Văn Hòa,Công lập,31,1,1,25,4,18,554,4,131,4,113,4,99,3,111,3,100
118,118,Xã Bình Đức,Trường Tiểu học Nguyễn Trung Trực,Ấp 5 Thạnh Đức; xã Bình Đức,c1nguyentrungtrucbl.longan@moet.edu.vn,02723872261,Phan Văn Ê,Công lập,25,1,1,22,1,16,409,4,80,3,81,3,90,3,86,3,72
119,119,Xã Bình Đức,Trường Tiểu học Thạnh Đức,Ấp 2 Thạnh Đức,c1thanhducbl.longan@moet.edu.vn,,Nguyễn Thụy Đoan Trang,Công lập,24,1,1,19,3,14,434,3,101,3,78,3,95,3,66,2,94
120,120,Xã Bình Đức,Trường Tiểu học và THCS Bình Đức,xã Bình Đức; Tỉnh Tây Ninh,c12binhducbl.longan@moet.edu.vn,02723634329,,Công lập,22,,1,20,1,14,178,3,32,3,31,3,39,2,37,3,39
121,121,Xã Bình Hiệp,Trường THamp;THCS Võ Văn Kiệt,Phường Kiến Tường; Tỉnh Tây Ninh,,,,Công lập,16,,1,15,,8,373,1,81,1,66,2,78,2,70,2,78
122,122,Xã Bình Hiệp,Trường Tiểu học Đặng Thị Mành,Ấp Ông Nhan Tây; xã Bình Hiệp; tỉnh Tây Ninh,c1dangthimanh.kt.longan@moet.edu.vn,02723951892,Nguyễn Hoàng Minh Trí,Công lập,28,1,1,25,1,15,310,3,50,3,52,3,60,3,70,3,78
123,123,Xã Bình Hiệp,Trường Tiểu học và THCS Bình Hòa Tây,Ấp Gò Dồ; Xã Bình Hòa Tây; Huyện Mộc Hóa; Tỉnh Long An,c12binhhoataymh.longan@moet.edu.vn,,,Công lập,31,,2,28,1,15,203,3,42,3,35,3,37,3,49,3,40
124,124,Xã Bình Hiệp,Trường Tiểu học và THCS Trần Văn Giàu,Xã Bình Hiệp; Tỉnh Tây Ninh,c12tranvangiaukt.longan@moet.edu.vn,0392775738,,Công lập,17,,1,15,1,8,343,2,79,1,63,1,70,2,57,2,74
125,125,Xã Bình Hòa,Trường Tiểu học và THCS Bình Hòa Đông,Long An,c12binhhoadongmh.longan@moet.edu.vn,,Nguyễn Thanh Lâm,Công lập,18,,1,16,1,11,176,3,34,2,32,2,41,2,39,2,30
126,126,Xã Bình Hòa,Trường Tiểu học và THCS Bình Hòa Trung,ấp Bình Nam; xã Bình Hòa Trung,,02723380348,Trần Thanh Hiền,Công lập,17,,,14,3,7,177,1,43,1,28,2,34,2,30,1,42
127,127,Xã Bình Hòa,Trường Tiểu học và THCS Bình Thạnh,Ấp Gò Dồ Nhỏ; xã Bình Hòa,c12binhthanhmh.longan@moet.edu.vn,,,Công lập,16,,1,14,1,7,104,2,22,1,18,1,22,1,19,2,23
128,128,Xã Bình Thành,Trường Tiểu học Bình Hòa Hưng,Ấp Mướp Xanh; xã Bình Thành; tỉnh Tây Ninh,,02723787045,Nguyễn Văn Bay,Công lập,9,1,,8,,5,369,1,76,1,87,1,69,1,61,1,76
129,129,Xã Bình Thành,Trường Tiểu học Tân Hiệp,Ấp Thuận Hiệp - xã Bình Thành - tỉnh Tây Ninh,,,Trần Thị Thu Huyên,Công lập,35,1,2,30,2,18,216,4,44,4,32,4,50,3,43,3,47
130,130,Xã Bình Thành,Trường Tiểu học Thuận Bình,Ấp Đồn A - Xã Bình Thành - Tây Ninh,c1thuanbinhth.longan@moet.edu.vn,,Lê Hữu Kiên Ngọc,Công lập,25,1,1,22,1,14,559,4,139,2,89,4,135,2,109,2,87
131,131,Xã Cần Đước,Trường Tiểu học Cần Đước,Khu 5 Thị trấn Cần Đước;Cần Đước;Long An.,c1ttcanduoc.longan@.moet.edu.vn,02723881318,Phan Văn Tâm,Công lập,31,1,1,25,4,18,590,4,121,3,111,4,113,4,111,3,134
132,132,Xã Cần Đước,Trường Tiểu học Hồ Văn Huê,Ấp 4,c1hovanhuecd.longan@moet.edu.vn,,Phạm Như An,Công lập,37,1,1,31,4,20,426,4,88,4,87,4,88,4,74,4,89
133,133,Xã Cần Đước,Trường Tiểu học Phước Tuy,Âp 22; xã Cần Đước,c1phuoctuycd.longan@moet.edu.vn,02723881098,Hoàng Ngọc Linh,Công lập,25,1,1,21,2,15,395,3,78,3,73,3,83,3,84,3,77
134,134,Xã Cần Đước,Trường Tiểu học Tân Ân,Ấp 13; xã Cần Đước; tỉnh Tây Ninh,c1tanancd.tayninh@moet.edu.vn,02723881457,Ngô Thái Hoàng,Công lập,25,1,1,20,3,14,752,3,149,2,138,3,173,3,145,3,147
135,135,Xã Cần Đước,Trường Tiểu học Tân Chánh,Ấp Đông Trung;xã Tân Chánh;Cần Đước;Long An,,02723881081,Võ Duy Khánh,Công lập,41,1,1,35,4,25,932,5,204,4,195,6,198,5,169,5,166
136,136,Xã Cần Giuộc,Trường Tiểu học Long Hậu,Ấp 4; Xã Cần Giuộc;tỉnh Tây Ninh,c1longhaucg.longan@moet.edu.vn,02723731466,Nguyễn Văn Tiên,Công lập,34,1,1,31,1,28,977,6,214,6,187,6,197,5,188,5,191
137,137,Xã Cần Giuộc,Trường Tiểu học Nguyễn Thái Bình,Số 650; QL 50; ấp 1; xã Cần Giuộc,,02723874143,Nguyễn Thị Huỳnh Thơ,Công lập,41,1,1,36,3,28,688,6,152,5,133,6,140,6,144,5,119
138,138,Xã Cần Giuộc,Trường Tiểu học Phước Lại,Ấp Tân Thanh A; xã Phước Lại,c1phuoclaicg.longan@moet.edu.vn,02723731460,Nguyễn Thành Công,Công lập,31,1,2,23,5,20,,5,339,4,307,4,320,4,283,3,274
139,139,Xã Cần Giuộc,Trường Tiểu học Tân Kim,ấp Long Phú; xã Cần Giuộc; tỉnh Tây Ninh,c1tankimcg.longan@moet.edu.vn,0945874348,Nguyễn Hoàng Thụy,Công lập,63,1,2,53,7,42,,9,221,8,281,9,239,8,260,8,216
140,140,Xã Cần Giuộc,Trường Tiểu học Thị trấn Cần Giuộc,Số 10; đường Trương Văn Bang; Ấp 3; Xã Cần Giuộc; tỉnh Tây Ninh,c1ttcangiuoccg.longan@moet.edu.vn,02723893915,Nguyễn Thành Nhựt,Công lập,43,1,2,38,2,33,442,7,94,7,93,7,79,6,82,6,94
141,141,Xã Cần Giuộc,Trường Tiểu học Trần Chí Nam,Tỉnh lộ 835 Ấp Lũy; xã Cần Giuộc; tỉnh Tây Ninh,c1tranchinamcg.longan@moet.edu.vn,02723968808,Trần Phước Sanh,Công lập,16,1,1,13,1,13,664,3,159,3,117,2,115,2,146,3,127
142,142,Xã Cầu Khởi,Trường Tiểu học Cầu Khởi A,Xã Cầu Khởi; Tỉnh Tây Ninh,c1caukhoiadmc.tayninh@moet.edu.vn,0276373853,Nguyễn Văn Kiệt,Công lập,41,1,1,32,7,22,310,5,54,4,69,4,64,5,62,4,61
143,143,Xã Cầu Khởi,Trường Tiểu học Cầu Khởi B,Ấp Khởi Trung,c1caukhoibdmc.tayninh@moet.edu.vn,02763773860,Hồ Huy Hoàng,Công lập,23,1,1,19,2,12,745,2,131,3,148,3,164,2,134,2,168
144,144,Xã Cầu Khởi,Trường Tiểu học Phước Ninh,Dương Minh Châu,,02763877563,Phan Thị Thu Thúy,Công lập,47,1,2,38,6,28,328,6,68,5,63,6,60,5,67,6,70
145,145,Xã Châu Thành,Trường Tiểu học Đỗ Tấn Nhiên,xã Châu Thành; tỉnh Tây Ninh,dotannhien999@gmail.com,02763794701,Nguyễn Thành Tuyển,Công lập,28,1,1,22,4,13,155,3,31,3,25,2,35,2,42,3,22
146,146,Xã Châu Thành,Trường Tiểu học Hai Bà Trưng,Xã Châu Thành; Tỉnh Tây Ninh,th.hbt.18072025@gmail.com,02763717463,Nguyễn Thu Hà,Công lập,17,1,,13,3,6,505,1,99,1,85,1,81,2,111,1,129
147,147,Xã Châu Thành,Trường Tiểu học Hoàng Lê Kha,Xã Châu Thành; Tỉnh Tây Ninh,,,Trần Văn Hoài,Công lập,35,1,1,29,4,18,458,4,127,3,84,3,75,4,75,4,97
148,148,Xã Châu Thành,Trường Tiểu học Lê Quý Đôn,,ththitranchauthanhb@gmiail.com,02763780009,Nguyễn Thị Minh Nguyệt,Công lập,31,1,1,24,5,15,291,4,59,3,35,3,74,2,52,3,71
149,149,Xã Châu Thành,Trường Tiểu học Lê Thánh Tông,xã Châu Thành; tỉnh Tây Ninh,lethanhtongth@gmail.com,,,Công lập,24,,1,20,3,13,236,3,41,2,42,3,46,2,52,3,55
150,150,Xã Châu Thành,Trường Tiểu học Tua Hai,Châu Thành,,,,Công lập,22,,1,17,4,10,966,2,211,2,165,2,202,2,194,2,194
151,151,Xã Châu Thành,Trường Tiểu học Võ Thị Sáu,Xã Châu Thành; Tỉnh Tây Ninh,thitranchauthanha2019@gmail.com,0909875859,Nguyễn Thị Thanh Thủy,Công lập,54,1,2,46,5,30,497,6,94,6,85,6,106,6,111,6,101
152,152,Xã Đông Thành,Trường Tiểu học Lê Văn Rỉ,Ấp Mỹ Thạnh Đông; Xã Đông Thành; Tỉnh Tây Ninh,c1levanridh.longan@moet.edu.vn,02723854487,Nguyễn Thị Thu Ơi,Công lập,26,1,1,23,1,17,566,3,100,3,100,4,120,4,114,3,132
153,153,Xã Đông Thành,Trường Tiểu học Mỹ Thạnh Tây,Ấp Voi ; xã Đông Thành; tỉnh Tây Ninh,c1mythanhtaydh.longan@moet.edu.vn,02723786071,PHAN VĂN NHẶT,Công lập,36,1,2,30,3,20,753,4,150,4,168,4,129,4,148,4,158
154,154,Xã Đông Thành,Trường Tiểu học Nguyễn Văn Thể,Ấp Thành Nam; xã Đông Thành; tỉnh Tây Ninh,,02723854143,Lương Văn Kho,Công lập,40,1,2,33,4,22,,5,232,5,207,4,228,4,200,4,166
155,155,Xã Đức Hòa,Trường Tiểu học Bình Hữu,Khu vực 5; xã Đức Hòa,,02723850015,Trần Văn Thuận,Công lập,41,1,2,38,,29,,6,362,6,332,6,278,6,276,5,259
156,156,Xã Đức Hòa,Trường Tiểu học Đức Hòa Hạ,,duchoaha@gmail.com,,Nguyễn Ngọc Đoàn,Công lập,39,1,1,37,,36,901,8,201,8,152,7,189,7,186,6,173
157,157,Xã Đức Hòa,Trường Tiểu học Hựu Thạnh,Ấp 2; xã Hựu Thạnh,,02723850266,Nguyễn Thụy Ngọc Lành,Công lập,24,1,1,21,1,23,,5,654,4,568,5,612,5,610,4,355
158,158,Xã Đức Hòa,Trường Tiểu học Nguyễn Văn Phú,Ấp Bình Tiền 2-xã Đức Hòa-tỉnh Tây Ninh,,02723850331,Phạm Ngọc Du,Công lập,64,1,1,60,2,65,526,15,87,14,97,14,129,14,105,8,108
159,159,Xã Đức Hòa,Trường Tiểu học và THCS Tư Thục Tân Tạo,,,,,Tư thục,24,,,24,,20,,3,317,4,279,5,291,4,291,4,256
160,160,Xã Đức Hòa,Trường Tiểu học Võ Văn Ngân,Khu phố 4; xã Đức Hòa; tỉnh Tây Ninh,c1vovanngandh.longan@moet.edu.vn,02723850375,Nguyễn Thị Xuân Hòa,Công lập,51,1,1,46,3,35,426,8,82,7,77,7,87,7,84,6,96
161,161,Xã Đức Huệ,Trường Tiểu học Bình Hòa Bắc,Ấp Chánh,c1binhhoabacdh.longan@moet.edu.vn,02723854374,Nguyễn Phương Thanh,Công lập,30,1,1,25,3,15,638,3,137,3,126,3,109,3,132,3,134
162,162,Xã Đức Huệ,Trường Tiểu học Bình Hòa Nam,Ấp 2; xã Bình Hòa Nam huyện Đức Huệ; tỉnh Long An,,0982553737,NGUYỄN VĂN SÁCH,Công lập,36,1,2,30,3,20,451,4,89,4,85,4,92,4,92,4,93
163,163,Xã Đức Huệ,Trường Tiểu học và THCS Bình Thành,Ấp Giồng Ông Bạn - Đức Huệ - Tây Ninh,c1binhthanhdh.longan@moet.edu.vn,0396852128,Đỗ Ngọc Ngân Hà,Công lập,26,,1,25,,17,,3,277,3,230,4,233,4,218,3,198
164,164,Xã Đức Lập,Trường Tiểu học Nguyễn Văn Đẹp,Ấp Chánh; xã Đức Lập,,02723852166,Trương Văn Phước,Công lập,40,1,1,35,3,31,,7,437,6,434,6,416,6,390,6,346
165,165,Xã Đức Lập,Trường Tiểu học Nguyễn Văn Quá,Ấp Tràm Lạc; xã Mỹ Hạnh Bắc,c1nguyenvanquadh.longan@moet.edu,02723849014,Lâm Văn Cảnh,Công lập,62,1,1,59,1,46,982,10,197,10,199,9,206,9,191,8,189
166,166,Xã Dương Minh Châu,Trường Tiểu học Ngô Văn Rạnh,xã Dương Minh Châu; Tỉnh Tây Ninh,c1thitranadmc.tayninh@moet.edu.vn,02763877626,Phạm Thị Mai,Công lập,56,1,2,48,5,30,631,6,133,6,111,6,119,6,164,6,104
167,167,Xã Dương Minh Châu,Trường Tiểu học Suối Đá A,Dương Minh Châu Tây Ninh,,02763877358,Đặng Thị Xuân,Công lập,46,1,1,37,7,25,232,5,51,5,35,5,45,5,54,5,47
168,168,Xã Dương Minh Châu,Trường Tiểu học Suối Đá B,Dương Minh Châu,c1phuocbinhadmc.tayninh@moet.edu.vn,02763721693,Trần Thị Ngọc Điệp,Công lập,23,1,1,16,5,10,465,2,86,2,92,2,96,2,101,2,90
169,169,Xã Dương Minh Châu,Trường Tiểu học và THCS  Phan,Âp Phước Tân 2; xã Dương Minh Châu; tỉnh Tây Ninh,c1phuoctandmc.tayninh@moet.edu.vn,02763877596,,Công lập,25,,1,24,,15,456,3,74,3,83,3,103,3,105,3,91
170,170,Xã Hảo Đước,Trường Tiểu học Nguyễn Bá Ngọc,Xã Hảo Đước; Tỉnh Tây Ninh,thnbn2025@gmail.com,0977203304,Nguyễn Thị Thu Hà,Công lập,28,1,1,22,4,14,274,2,73,3,44,3,55,3,49,3,53
171,171,Xã Hảo Đước,Trường Tiểu học Nguyễn Đình Chiểu,Ấp Bình Lợi,,02763782515,,Công lập,20,,1,16,3,10,291,2,55,2,62,2,58,2,66,2,50
172,172,Xã Hảo Đước,Trường Tiểu học Nguyễn Khuyến,Ấp Bàu Sen- xã Hảo Đước- tỉnh Tây Ninh,lethihang169haoduoc@gmail.com,02763878553,Lê Thị Hằng,Công lập,26,1,1,22,2,13,280,2,49,3,51,3,55,3,55,2,70
173,173,Xã Hảo Đước,Trường Tiểu học Nguyễn Văn Trỗi,Châu Thành,thnguyenvantroi205@gmail.com,02763782435,Lê Chí Cường,Công lập,20,1,,16,3,10,200,2,36,2,44,2,41,2,46,2,33
174,174,Xã Hảo Đước,Trường Tiểu Học Phạm Tự Điểm,Xã Hảo Đước; Tỉnh Tây Ninh,hoangyenbensoi@gmail.com,0943091857,,Công lập,16,,1,12,3,7,,1,364,2,326,1,324,2,323,1,335
175,175,Xã Hậu Nghĩa,Trường Tiểu học Châu Văn Liêm,Huyện Đức Hòa,,02723851499,Võ Thị Thanh Tâm,Công lập,65,1,2,59,3,45,496,9,107,9,84,9,103,9,98,9,104
176,176,Xã Hậu Nghĩa,Trường Tiểu học Đức Lập Thượng B,Ấp Tân Hội; xã Đức Lập Thượng,c1duclapthuongbdh.longan@moet.edu.vn,02723852729,Hồ Thị Thuỷ,Công lập,23,1,,21,1,15,759,3,147,3,164,3,158,3,129,3,161
177,177,Xã Hậu Nghĩa,Trường Tiểu học Lê Minh Xuân,Ấp Chánh Hội; xã Hậu Nghĩa,c1leminhxuandh.longan@moet.edu.vn,02723755017,Nguyễn Đức Toàn,Công lập,36,1,1,32,2,24,720,5,141,5,137,5,128,4,156,5,158
178,178,Xã Hậu Nghĩa,Trường Tiểu học Mai Văn Tựu,Ấp Chánh; xã Đức Lập Thượng; huyện Đức Hòa; tỉnh Long An,,02723851813,Nguyễn Chí Thanh,Công lập,32,1,1,29,1,21,393,4,82,4,88,4,72,4,74,5,77
179,179,Xã Hậu Nghĩa,Trường Tiểu học Sò Đo,Ấp Sò Đo; xã Hậu Nghĩa; tỉnh Tây Ninh,c1sododh.longan@moet.edu.vn,02723851375,Nguyễn Hiếu Thuận,Công lập,21,1,1,18,1,13,291,3,58,3,54,2,51,2,67,3,61
180,180,Xã Hậu Nghĩa,Trường Tiểu học và THCS Lê Minh Xuân,Ấp Chánh Hội xã Tân Mỹ huyện Đức Hòa Tỉnh Long An,c12leminhxuandh.longan@moet.edu.vn,02723755611,,Công lập,11,,1,10,,10,278,2,42,2,44,2,53,2,64,2,75
181,181,Xã Hậu Thạnh,Trường Tiểu học Bắc Hòa,Ấp Nhơn Hòa; xã Bắc Hòa,c1bachoatt.longan@moet.edu.vn,02723846096,,Công lập,25,1,1,20,3,11,579,2,123,2,114,2,112,2,115,3,115
182,182,Xã Hậu Thạnh,Trường Tiểu học Hậu Thạnh Đông,Ấp Nguyễn Rớt ; xã Hậu Thạnh; Tỉnh Tây Ninh,,02723846138,Hồ Thị Thuỳ Linh,Công lập,38,1,1,31,5,20,406,4,78,4,64,4,93,4,85,4,86
183,183,Xã Hậu Thạnh,Trường Tiểu học Hậu Thạnh Tây,Ấp Ngọc Ân; xã Hậu Thạnh tỉnh Tây Ninh,,02723846972,Trần Quang Nữ,Công lập,29,1,1,25,2,15,651,3,122,2,127,3,144,3,126,4,132
184,184,Xã Hiệp Hòa,Trường Tiểu học Hiệp Hòa,Ấp 4; thị trấn Hiệp Hòa,,02723854096,Nguyễn Thành Văn,Công lập,30,1,1,26,2,20,599,4,115,4,114,4,143,4,115,4,112
185,185,Xã Hiệp Hòa,Trường Tiểu học Tân Phú,Ấp Chánh; xã Tân Phú,c1tanphudh.longan@moet.edu.vn,02723851508,Mai Phước Tài,Công lập,25,1,1,21,2,19,519,4,101,4,92,4,102,4,122,3,102
186,186,Xã Hiệp Hòa,Trường Tiểu học Trương Công Xưởng,Ấp Hòa Bình 1; xã Hiệp Hòa,c1truongcongxuongdh.longan@moet.edu.vn,02723854533,Huỳnh Thị Mỹ Quốc,Công lập,26,1,1,22,2,15,380,3,69,3,73,3,93,3,87,3,58
187,187,Xã Hòa Hội,Trường Tiểu học Phạm Văn Nô,Ấp Hiệp Phước,,,Nguyễn Phùng Bảo Trường,Công lập,28,1,1,23,3,14,378,3,74,3,69,3,83,3,72,2,80
188,188,Xã Hòa Hội,Trường Tiểu học Trần Văn Ơn,Châu Thành,,,Nguyễn Văn Du,Công lập,29,1,1,23,4,15,183,3,35,3,35,3,41,3,40,3,32
189,189,Xã Hòa Hội,Trường Tiểu học Trương Quyền,Châu Thành,trangtruongquyen2025@gmail.com,02763783934,,Công lập,26,1,,22,3,14,975,2,205,3,198,3,190,3,186,3,196
190,190,Xã Hòa Khánh,Trường Tiểu học Hòa Khánh Đông,Ấp Thôi Môi; xã Hòa Khánh,,,Đỗ Uy Vũ,Công lập,41,1,2,37,1,28,419,6,89,6,84,6,78,5,88,5,80
191,191,Xã Hòa Khánh,Trường Tiểu học Hòa Khánh Tây,Ấp Tân Bình; xã Hòa Khánh; tỉnh Tây Ninh,c1hoakhanhtaydh.longan@moet.edu.vn,,Nguyễn Hoàng Trọng,Công lập,18,1,1,14,2,13,999,3,199,3,162,2,208,3,203,2,227
192,192,Xã Hòa Khánh,Trường Tiểu học Thi Văn Tám,Ấp Thuận Hòa 2; xã Hòa Khánh; tỉnh Tây Ninh,c1thivantamdh.longan@moet.edu.vn,0986504738,Nguyễn Trung Quốc,Công lập,40,1,2,34,3,29,393,6,81,5,75,6,78,6,77,6,82
193,193,Xã Hưng Điền,Trường Tiểu học Hưng Điền,Ấp Cây Me - Xã Hưng Điền - Tỉnh Tây Ninh,tieuhochungdien@gmail.com,02723860074,Nguyễn Thị Kim Kiều,Công lập,24,1,1,19,3,12,551,3,130,2,113,2,106,2,112,3,90
194,194,Xã Hưng Điền,Trường Tiểu học Hưng Điền B,Ấp Kinh Mới - Hưng Điền - Tây Ninh,,02723860019,Võ Hoàng Long,Công lập,34,1,1,28,4,18,286,4,66,4,42,3,73,4,60,3,45
195,195,Xã Hưng Điền,Trường Tiểu học Hưng Hà,Ấp Hà Long - Hưng Hà - Tân Hưng - Long An,c1hunghath.longan@moet.edu.vn,02726293277,Nguyễn Thị Phượng,Công lập,25,1,1,19,4,12,364,3,89,2,67,3,70,2,73,2,65
196,196,Xã Hưng Thuận,Trường Tiểu học Bời Lời 1,trảng bàng tây ninh,,,Nguyễn Văn Quẹt,Công lập,22,1,1,17,3,13,306,3,72,3,65,3,56,2,57,2,56
197,197,Xã Hưng Thuận,Trường Tiểu học Bời Lời 2,Tây Ninh,,,Phạm Văn Cường,Công lập,19,1,1,13,4,10,791,2,173,2,146,2,150,2,172,2,150
198,198,Xã Hưng Thuận,Trường Tiểu học Đặng Thị Hiệt,Cầu Xe; Hưng Thuận; Trảng Bàng; Xã Hưng Thuận; Tỉnh Tây Ninh,c1dangthihiet.trangbang@gmail.com,,Nguyễn Thị Hồng Nga,Công lập,41,1,1,33,6,25,642,5,134,5,110,5,129,5,138,5,131
199,199,Xã Khánh Hưng,Trường Tiểu học Khánh Hưng,Ấp Gò Châu Mai- Khánh Hưng- Vĩnh Hưng-Long An,,02723978835,Huỳnh Minh Nghĩa,Công lập,39,1,2,34,2,22,254,5,44,4,52,5,56,4,45,4,57
200,200,Xã Khánh Hưng,Trường Tiểu học và THCS Hưng Điền A,Ấp 3 - Xã Khánh Hưng- Tỉnh Tây Ninh,c2hungdienavh.longan@moet.edu.vn,,,Công lập,21,,1,19,1,11,297,2,60,2,61,3,48,2,62,2,66
201,201,Xã Khánh Hưng,Trường Tiểu học và THCS Thái Trị,Ấp Thái Quang - Xã Khánh Hưng - Tỉnh Tây Ninh,c12thaitrivh.longan@moet.edu.vn,02723973411,Trương Đình Lộc,Công lập,26,,1,24,1,14,703,3,154,3,146,2,122,3,144,3,137
202,202,Xã Lộc Ninh,Trường Tiểu học Lộc Ninh,Xã Lộc Ninh; Huyện Dương Minh Châu; Tây Ninh,c1locninhdmc@gmail.com,,Lê Văn Thóc,Công lập,41,1,1,34,5,22,697,5,155,5,138,4,147,4,140,4,117
203,203,Xã Lộc Ninh,Trường Tiểu học Phước Minh A,Ấp B2;; Phước Minh; Dương Minh Châu; Xã Lộc Ninh; Tỉnh Tây Ninh,,,Trần Minh Vương,Công lập,35,1,1,29,4,20,190,5,48,4,35,4,33,4,41,3,33
204,204,Xã Lộc Ninh,Trường Tiểu học Phước Minh B,Ấp B2; Xã Lộc Ninh; tỉnh Tây Ninh,C1phuocminhbdmc.tayninh@moet.edu.vn,02763775560,Lê Thị Hoa,Công lập,23,1,1,18,3,11,258,3,55,2,44,2,54,2,46,2,59
205,205,Xã Lộc Ninh,Trường Tiểu học và THCS Bến Củi,Xã Lộc Ninh; Tỉnh Tây Ninh,c2bencuidmc.tayninh@moet.edu.vn,0916408676,,Công lập,21,,,18,3,13,768,2,170,2,151,3,145,3,155,3,147
206,206,Xã Long Cang,Trường Tiểu học Long Cang,Ấp 1; xã Long Cang,c1longcangcd.longan@moet.edu.vn,02723883344,Bùi Thanh Dũng,Công lập,40,1,1,35,3,23,702,5,149,5,140,4,122,5,140,4,151
207,207,Xã Long Cang,Trường Tiểu học Long Định,Ấp 5; Xã Long Cang; tỉnh Tây Ninh,c1longdinhcd.longan@moet.edu.vn,02723871687,Trần Văn Tổng,Công lập,39,1,1,31,6,21,792,4,178,4,140,4,149,4,145,5,180
208,208,Xã Long Cang,Trường Tiểu học Phước Vân,Ấp 11; xã Long Cang; tỉnh Tây Ninh,,02723883350,Nguyễn Chí Hiếu,Công lập,40,1,1,33,5,25,185,6,49,5,32,5,25,4,34,5,45
209,209,Xã Long Chữ,Trường Tiểu học Giồng Nần,Long Chữ,,0946066078,Nguyễn Thị Thu Hiền,Công lập,18,1,1,13,3,7,376,2,85,1,69,1,73,1,79,2,70
210,210,Xã Long Chữ,Trường Tiểu học Hùng Vương,Ấp Long Châu; Xã Long Chữ; Tây Ninh,thlongvinhct@gmail.com,02763781828,Nguyễn Đức Duy,Công lập,22,1,,19,2,11,373,3,63,2,69,2,83,2,82,2,76
211,211,Xã Long Chữ,Trường Tiểu học Long Chữ,Ấp Long Hòa; xã Long Chữ; tỉnh Tây Ninh,c1longchuabc.tayninh@moet.edu.vn,,Võ Văn Cở,Công lập,37,1,1,30,5,15,168,3,28,3,39,3,36,3,37,3,28
212,212,Xã Long Chữ,Trường Tiểu học và THCS Long Phước,Xã Long Chữ; Tỉnh Tây Ninh,c2longphuocbc.tayninh@moet.edu.vn,02763760708,,Công lập,19,,1,17,1,9,676,1,133,2,135,2,140,2,146,2,122
213,213,Xã Long Hựu,Trường Tiểu học Long Hựu Đông 1,Ấp Chợ; xã Long Hựu; tỉnh Tây Ninh,thlhd.longhuu@tayninh.gov.vn,02723884032,Nguyễn Văn Kiệt,Công lập,39,1,2,29,7,21,477,4,84,4,83,4,109,5,101,4,100
214,214,Xã Long Hựu,Trường Tiểu học Long Hựu Đông 2,Ấp Trung; xã Long Hựu; Tỉnh Tây Ninh,c1longhuudong2cd.longan@moet.edu.vn,02723884131,Huỳnh Văn Xưa,Công lập,31,1,2,23,5,15,569,3,133,3,96,3,129,3,104,3,107
215,215,Xã Long Hựu,Trường Tiểu học Long Hựu Tây,Ấp Tây; Long Hựu Tây; Cần Đước; Long An,,02723884130,Nguyễn Hoàng Đường,Công lập,32,1,1,24,6,19,420,4,95,3,79,4,80,4,100,4,66
216,216,Xã Long Thuận,Trường Tiểu học Long Giang,Xã Long Thuận; Tỉnh Tây Ninh,,,Võ Văn Liêm,Công lập,37,1,2,31,3,18,446,4,101,3,60,4,95,4,99,3,91
217,217,Xã Long Thuận,Trường Tiểu học Long Khánh,địa điểm tại ấp Long Châu; xã Long Thuận; tỉnh Tây Ninh,c1longkhanhbc.tayninh@moet.edu.vn,,Trần Công Đáng,Công lập,36,1,2,28,5,16,878,3,184,3,167,3,178,4,176,3,173
218,218,Xã Long Thuận,Trường Tiểu học Long Thuận,Long Thuận; Bến Cầu District; Xã Long Thuận; Tỉnh Tây Ninh,c1longthuanabc.tayninh@moet.edu.vn,02763876281,Nguyễn Minh Hoà,Công lập,55,1,2,48,4,28,961,6,206,6,192,6,193,5,187,5,183
219,219,Xã Lương Hòa,Trường Tiểu học Lương Hòa,Ấp 8; xã Lương Hoà; tỉnh Tây Ninh,c1luonghoabl.tayninh@moet.edu.vn,02723873181,Đỗ Thị Thủy,Công lập,41,1,2,34,4,30,686,6,149,6,125,6,133,6,140,6,139
220,220,Xã Lương Hòa,Trường Tiểu học và THCS Tân Bửu,Ấp 2; xã Lương Hoà; tỉnh Tây Ninh,c2tanbuubl.longan@moet.edu.vn,02723648614,,Công lập,25,,1,21,3,20,549,4,108,4,81,4,134,4,111,4,115
221,221,Xã Mộc Hóa,Trường Tiểu học Nguyễn Văn Dinh,Ấp Bình Phong Thạnh 1; xã Mộc Hóa; tỉnh Tây Ninh,c1nguyenvandinhmh.longan@moet.edu.vn,,Trần Thị Thuý Oanh,Công lập,40,1,2,34,3,21,576,4,125,3,101,5,108,4,135,5,107
222,222,Xã Mộc Hóa,Trường Tiểu học Tân Lập,Ấp 3; xã Tân Lập,thc1.mochoa@tayninh.gov.vn,02723968088,Trương Thanh Tuấn,Công lập,45,1,2,37,5,22,629,5,133,4,132,4,132,5,122,4,110
223,223,Xã Mỹ An,Trường Tiểu học Mỹ An,Ấp 3; xã Mỹ An,,02723599608,Lê Văn Đức Phúc,Công lập,38,1,2,31,4,19,549,4,136,4,98,4,105,4,104,3,106
224,224,Xã Mỹ An,Trường Tiểu học Mỹ Phú,Ấp 7,,02723822048,Phạm Văn Hoàng,Công lập,31,1,2,25,3,18,,4,225,3,192,4,205,3,207,4,197
225,225,Xã Mỹ Hạnh,Trường Tiểu học Huỳnh Văn Tạo,Ấp Nhơn Hòa 1; xã Mỹ Hạnh,,02723852018,Trần Thị Sen,Công lập,34,1,2,29,2,29,,6,314,6,257,6,242,6,212,5,203
226,226,Xã Mỹ Hạnh,Trường Tiểu học Nguyễn Thị Hạnh,Ấp Mới 1,c1nguyethihanhdh.longan@moet.edu.vn,02723849063,TRẦN TẤN BỬU,Công lập,40,1,1,35,3,29,,7,338,6,320,6,315,5,307,5,267
227,227,Xã Mỹ Hạnh,Trường Tiểu học Nguyễn Văn Dương,Ấp 3; xã Hòa Khánh Đông,,02723850756,Phạm Minh Tân,Công lập,44,1,2,40,1,35,,8,347,7,277,7,286,7,342,6,284
228,228,Xã Mỹ Hạnh,Trường Tiểu học và THCS Mỹ Hạnh Nam,Xã Mỹ Hạnh Nam,,,,Công lập,34,,1,33,,34,410,8,93,6,70,6,81,8,78,6,88
229,229,Xã Mỹ Lệ,Trường Tiểu học Long Sơn,Ấp 1; xã Mỹ Lệ; tỉnh Tây Ninh,thls.myle@tayninh.gov.vn,0789587172,Nguyễn Văn Út,Công lập,28,1,1,22,4,13,355,3,79,2,68,3,76,2,72,3,60
230,230,Xã Mỹ Lệ,Trường Tiểu học Nguyễn Văn Tiến,,,02723881643,Phạm Văn Út,Công lập,22,1,1,18,2,12,661,3,148,2,122,3,121,2,137,2,133
231,231,Xã Mỹ Lệ,Trường Tiểu học Rạch Đào,Ấp Rạch Đào; xã Mỹ Lệ; tỉnh Tây Ninh,thrd.myle@tayninh.gov.vn,0976163315,Nguyễn Đức Hùng,Công lập,37,1,1,29,6,21,585,5,142,4,114,4,114,4,94,4,121
232,232,Xã Mỹ Lệ,Trường Tiểu học Tân Trạch,Ấp 10,thtt.myle@tayninh.gov.vn,0838030676,Lê Thị Phương Mai,Công lập,33,1,1,27,4,19,674,4,132,4,129,4,126,3,139,4,148
233,233,Xã Mỹ Lộc,Trường Tiểu học Lộc Tiền,Tỉnh lộ 835 Ấp Lộc Tiền;xã Mỹ Lộc; tỉnh Tây Ninh,c1loctiencg.longan@moet.edu.vn,02723734363,NGUYỄN THỊ MỸ LỆ,Công lập,25,1,1,21,2,21,789,5,185,4,139,3,153,4,159,5,153
234,234,Xã Mỹ Lộc,Trường Tiểu học Mỹ lộc,Ấp Lộc Tiền Xã Mỹ Lộc; tỉnh Tây Ninh,c1myloccg.longan@moet.edu.vn,0987180439,Liêu Nguyễn Kim Ngân,Công lập,28,1,1,23,3,21,716,5,155,4,135,4,149,4,140,4,137
235,235,Xã Mỹ Lộc,Trường Tiểu học Phước Lâm,Ấp Phước Hưng 1; xã Mỹ Lộc; tỉnh Tây Ninh,c1phuoclamcg.longan@moet.edu.vn,0935698487,Huỳnh Văn Tuấn,Công lập,30,1,1,25,3,20,737,4,177,4,134,4,160,4,134,4,132
236,236,Xã Mỹ Lộc,Trường Tiểu Học Thuận Thành,ấp Thuận Đông,c1thuanthanhcg.longan@moet.edu.vn,0773790089,Trần Thị Kim Mầu,Công lập,32,1,1,24,6,21,342,5,59,4,63,4,67,4,77,4,76
237,237,Xã Mỹ Quý,Trường Tiểu học Mỹ Quý Đông,Ấp Chùm Mòi; Mỹ Quý; Tây Ninh,,02723856178,Vương Tấn Tác,Công lập,30,1,2,25,2,15,889,3,181,3,182,3,201,3,156,3,169
238,238,Xã Mỹ Quý,Trường Tiểu học Mỹ Quý Tây,Ấp 4; xã Mỹ Quý Tây; huyện Đức Huệ; tỉnh Long An,,02723856121,Lê Văn Lập,Công lập,45,1,2,42,,27,468,5,92,5,98,6,90,6,96,5,92
239,239,Xã Mỹ Quý,Trường Tiểu học Mỹ Thạnh Bắc,Ấp Giồng Trôm; xã Mỹ Quý; tỉnh Tây Ninh,,02723897650,Nguyễn Khắc Điệp,Công lập,27,1,1,24,1,15,352,3,66,3,67,3,61,3,81,3,77
240,240,Xã Mỹ Thạnh,Trường Tiểu học Bình An,Ấp Vàm Kinh; xã Bình An,,02723865493,Đặng Thành Trung,Công lập,22,1,1,19,1,12,651,2,107,2,142,2,144,3,139,3,119
241,241,Xã Mỹ Thạnh,Trường Tiểu học Mỹ Lạc,Ấp Bà Mía; xã Mỹ Lạc,,02723863511,Bùi Văn Nhựt,Công lập,43,1,2,35,5,23,488,4,110,5,85,5,80,5,107,4,106
242,242,Xã Mỹ Thạnh,Trường Tiểu học Mỹ Thạnh,Ấp 2; xã Mỹ Thạnh,c1mythanhtt.longan@moet.edu.vn,02723611314,Phạm Thị Tươi,Công lập,30,1,1,24,4,15,986,3,222,3,204,3,209,3,173,3,178
243,243,Xã Mỹ Yên,Trường Tiểu học Gò Đen,ấp Chợ,,02723870492,TRẦN TRUNG CHÁNH,Công lập,34,1,1,31,1,28,324,6,69,6,58,6,70,5,70,5,57
244,244,Xã Mỹ Yên,Trường Tiểu học Long Phước,Ấp Long Bình; xã Long Hiệp; huyện Bến Lức; tỉnh Long An,c1longphuocbl.longan@moet.edu.vn,0723870254,Nguyễn Anh Tuấn,Công lập,21,1,1,15,4,10,860,2,184,2,162,2,170,2,174,2,170
245,245,Xã Mỹ Yên,Trường Tiểu học Phước Lợi,Xã Mỹ Yên; Tỉnh Tây Ninh,,02723870560,Võ Hồng Quế,Công lập,32,1,1,26,4,23,,5,232,5,212,5,199,4,192,4,184
246,246,Xã Mỹ Yên,Trường Tiểu học và THCS Nguyễn Văn Hiển,Ấp 5 Mỹ Yên; xã Mỹ Yên; tỉnh Tây Ninh,c2nguyenvanhienbl.longan@moet.edu.vn,,,Công lập,29,,1,27,1,28,658,6,138,6,128,6,129,5,126,5,137
247,247,Xã Mỹ Yên,Trường Tiểu học và THCS Võ Công Tồn,Ấp Chánh; xã Mỹ Yên; tỉnh Tây Ninh,,,,Công lập,23,,1,22,,20,195,4,28,4,40,4,45,4,42,4,40
248,248,Xã Nhơn Hòa Lập,Trường Tiểu học Nhơn Hòa,Xã Nhơn Hòa Lập; Tỉnh Tây Ninh,,02723941025,Lê Thị Như Uyển,Công lập,20,1,1,16,2,10,592,2,99,2,101,2,132,2,111,2,149
249,249,Xã Nhơn Hòa Lập,Trường Tiểu học Tân Lập,Ấp Kênh Nhà thờ; Xã Nhơn Hòa Lập; Tỉnh Tây Ninh,c1tanlaptth.longan@moet.edu.vn,02723948533,Đặng Hữu Mẫn,Công lập,43,1,1,36,5,22,340,4,61,4,68,5,70,4,74,5,67
250,250,Xã Nhơn Hòa Lập,Trường Tiểu học và THCS Nhơn Hòa Lập,Ấp Nguyễn Tán,,0723948457,,Công lập,26,,1,23,2,15,397,3,94,3,68,3,78,3,74,3,83
251,251,Xã Nhơn Ninh,Trường Tiểu học Nhơn Ninh A,Ấp Tân Chánh B; xã Nhơn Ninh,c1nhonninhatt.longan@moet.edu.vn,02723939169,Hồ Văn Hùng,Công lập,29,1,1,23,4,15,220,3,49,3,29,3,50,3,47,3,45
252,252,Xã Nhơn Ninh,Trường Tiểu học Nhơn Ninh B,Ấp Phụng Thớt; xã Nhơn Ninh,c1nhonninhbtt.longan@moet.edu,02723815097,PHẠM NHƠN CƯỜNG,Công lập,24,1,1,19,3,11,509,2,98,2,109,2,98,3,98,2,106
253,253,Xã Nhơn Ninh,Trường Tiểu học Tân Ninh,Xã Nhơn Ninh; Tỉnh Tây Ninh,,02723815246,Lê Hùng Dũng,Công lập,39,1,2,32,4,20,353,4,52,4,70,4,66,4,79,4,86
254,254,Xã Nhơn Ninh,Trường Tiểu học Tân Thành,Ấp5 - xã Nhơn Ninh - tỉnh Tây Ninh,,02723815670,HUỲNH THỊ ÁNH THU,Công lập,37,1,1,31,4,18,660,3,134,4,134,3,138,4,115,4,139
255,255,Xã Nhựt Tảo,Trường Tiểu học Lạc Tấn,Xã Nhựt Tảo; Tỉnh Tây Ninh,c1lactan.tantru.longan@moet.edu.vn,02723889103,Đặng Thị Ái Uyên,Công lập,34,1,1,30,2,20,212,4,49,4,32,4,39,4,51,4,41
256,256,Xã Nhựt Tảo,Trường Tiểu học Mỹ Bình,Ấp Bình Tây; Xã Nhựt Tảo; tỉnh Tây Ninh,thmybinh.nhuttao@tayninh.gov.vn,02723591739,Lê Thị Ngọc Loan,Công lập,17,1,1,14,1,8,472,2,98,1,86,1,87,2,81,2,120
257,257,Xã Nhựt Tảo,Trường Tiểu học Nhựt Tảo,Ấp 2; xã Nhựt Tảo; tỉnh Tây Ninh,c1nhuttaott.longan@moet.edu.vn,02723868182,Nguyễn Thái Thanh,Công lập,31,1,1,27,2,17,323,3,62,3,53,3,80,3,66,5,62
258,258,Xã Nhựt Tảo,Trường Tiểu học Quê Mỹ Thạnh,Ấp Thạnh Hoà xã Nhựt Tảo tỉnh Tây Ninh,c1quemythanhtt.longan@moet.edu.vn,02723889498,,Công lập,24,1,1,19,3,11,330,2,54,2,65,3,77,2,74,2,60
259,259,Xã Ninh Điền,Trường Tiểu học Dương Minh Châu,Xã Ninh Điền; Tỉnh Tây Ninh,,,Lê Ngọc Phát,Công lập,27,1,1,22,3,14,213,2,39,3,48,3,44,3,38,3,44
260,260,Xã Ninh Điền,Trường Tiểu học Kim Đồng,Châu Thành,,,Đặng Phát Tài,Công lập,19,1,1,13,4,9,609,2,133,2,110,2,124,1,124,2,118
261,261,Xã Ninh Điền,Trường Tiểu học Ngô Thất Sơn,Xã Thành Long; Huyện Châu Thành; Tây Ninh,truongthatson@gmail.com,,Nguyễn Khánh Cường,Công lập,43,1,2,36,4,25,300,5,64,5,52,5,52,5,77,5,55
262,262,Xã Ninh Điền,Trường Tiểu học Trần Quốc Toản,Châu Thành,truongtieuhocbensoi@gmail.com,,Trương Thị Bích Phương,Công lập,20,1,1,15,3,10,149,2,36,2,22,2,32,2,32,2,27
263,263,Xã Phước Chỉ,Trường Tiểu học Hòa Bình,Trảng Bàng,c1hoabinh.tbang@gmail.com,0933582889,Lê Thanh Sơn,Công lập,29,1,1,22,5,15,848,3,192,3,187,3,158,3,169,3,142
264,264,Xã Phước Chỉ,Trường Tiểu học Phước Bình A,Ấp Bình Thuận; Xã Phước Chỉ; tỉnh Tây Ninh,c1binhthanh.tbang@gmail.com,02763889118,Hồ Văn Nguy,Công lập,47,1,2,40,4,28,492,6,98,6,97,6,101,6,112,4,84
265,265,Xã Phước Chỉ,Trường Tiểu học Phước Bình B,ấp Phước Tân; xã Phước Chỉ; tỉnh Tây Ninh,c1phuocluu.trangbang@gmail.com,0946113009,Hồ Văn Trọn,Công lập,42,1,1,36,4,23,412,5,78,5,69,5,84,4,88,4,93
266,266,Xã Phước Chỉ,Trường Tiểu học Phước Chỉ,Xã Phước Chỉ; Tây Ninh,c1phuocchi.tbang@gmail.com,02763889143,Nguyễn Trung Thành,Công lập,32,1,1,25,5,15,945,3,191,3,173,3,194,3,204,3,183
267,267,Xã Phước Lý,Trường Tiểu học Long Thượng,Ấp Long Thạnh; Xã Phước Lý; Tỉnh Tây Ninh,c1longthuongcg.longan@moet.edu.vn,02723892081,Trần Văn Dũng,Công lập,36,1,1,29,5,27,,5,249,5,217,6,225,6,220,5,215
268,268,Xã Phước Lý,Trường Tiểu học Phước Lý,Xã Phước Lý; Tây Ninh,c1phuoclycg.longan@moet.edu.vn,02723892745,Phạm Viết Thanh,Công lập,39,1,2,33,3,31,875,7,180,6,186,6,177,6,165,6,167
269,269,Xã Phước Lý,Trường Tiểu học và THCS Phước Hậu,ấp Long Giêng; xã Phước Lý; tỉnh Tây Ninh,c1phuochaucg.longan@moet.edu.vn,02723892283,,Công lập,29,,1,26,2,23,305,5,69,5,59,5,68,4,57,4,52
270,270,Xã Phước Thạnh,Trường Tiểu học Cây Da,Ấp Cây Da; xã Phước Thạnh; tỉnh Tây Ninh,c1caydagd.tayninh@moet.edu.vn,02763854347,Phạm Đức Liêm,Công lập,19,1,1,14,3,10,571,2,123,2,99,2,124,2,118,2,107
271,271,Xã Phước Thạnh,Trường Tiểu học Đá Hàng,Xã Phước Thạnh; Tây Ninh,c1dahanggd.tayninh@moet.edu.vn,02763854202,Nguyễn Văn Trong,Công lập,30,1,1,24,4,16,355,4,82,3,73,3,70,3,74,3,56
272,272,Xã Phước Thạnh,Trường Tiểu học Phước Hòa,Xã Phước Thạnh; Tây Ninh,,,Lê Nguyên Khang,Công lập,21,1,1,15,4,10,378,2,73,2,69,2,76,2,83,2,77
273,273,Xã Phước Thạnh,Trường Tiểu học Phước Hội,ấp Phước Hội B,c1phuochoigd.tayninh@moet.edu.vn,02763853930,Lý Thị Minh Hiếu,Công lập,24,1,1,17,5,10,626,2,136,2,112,2,119,2,120,2,139
274,274,Xã Phước Thạnh,Trường Tiểu học Phước Trạch,Xã Phước Trạch; Huyện Gò Dầu; Tây Ninh,c1phuoctrachgd.tayninh@moet.edu.vn,02763854324,Đỗ Thị Thu Chi,Công lập,30,1,,25,4,16,338,3,69,3,69,3,73,3,58,4,69
275,275,Xã Phước Thạnh,Trường Tiểu học Xóm Bố,Ấp Xóm Bố,c1xombogd.tayninh@moet.edu.vn,02763858056,Phan Văn Tạo,Công lập,22,1,1,16,4,11,350,2,71,3,76,2,65,2,79,2,59
276,276,Xã Phước Vinh,Trường Tiểu học Hòa Đông,Ấp Hoà Đông B; Xã Phước Vinh; Tỉnh Tây Ninh,c1hoadongatanbien@gmail.com,02763871063,Đặng Công Xuân,Công lập,26,1,1,20,4,14,269,3,57,3,56,3,53,3,61,2,42
277,277,Xã Phước Vinh,Trường Tiểu học Hòa Hiệp,ấp Hòa Bình; Xã Phước Vinh; Tây Ninh,c1hoahieptanbien@gmail.com,02763871915,Lương Văn Nhanh,Công lập,19,1,1,14,3,9,643,2,133,2,123,2,133,2,130,1,124
278,278,Xã Phước Vinh,Trường Tiểu học Lý Thường Kiệt,ấp Phước Hòa; Xã Phước Vinh; tỉnh Tây Ninh,tanduocbausen@gmail.com,02763786418,Võ Tấn Được,Công lập,38,1,,33,4,23,168,5,32,5,33,5,33,4,40,4,30
279,279,Xã Phước Vinh,Trường Tiểu học Nguyễn Hiền,Ấp Phước Thạnh; Xã Phước Vinh; tỉnh Tây Ninh,,,Nguyễn Văn Nghĩa,Công lập,19,1,,15,3,10,399,2,86,2,79,2,67,2,82,2,85
280,280,Xã Phước Vĩnh Tây,Trường Tiểu học và THCS Long An,Ấp Long An 1; xã Phước Vĩnh Tây; tỉnh Tây Ninh,c1longancg.longan@moet.edu.vn,0919875714,Lê Thị Ngọc Hạnh,Công lập,11,,,11,,11,449,3,84,2,109,2,83,2,86,2,87
281,281,Xã Phước Vĩnh Tây,Trường Tiểu học và THCS Long Phụng,Ấp Phú Thạnh,c1longphungcg.longan@moet.edu.vn,0918630545,,Công lập,26,,1,20,5,14,474,3,92,3,91,2,90,3,92,3,109
282,282,Xã Phước Vĩnh Tây,Trường Tiểu học và THCS Phước Vĩnh Tây,ấp 3; xã Phước Vĩnh Tây; Tỉnh Tây Ninh,c12phuocvinhtaycg.longan@moet.edu.vn,0797764636,,Công lập,17,,1,16,,15,,3,264,3,262,3,251,3,257,3,236
283,283,Xã Rạch Kiến,Trường Tiểu học Long Hòa,Ấp 5; xã Rạch Kiến,,02723880157,Trần Văn Ngọc,Công lập,58,1,2,47,8,37,616,8,150,8,119,7,125,7,95,7,127
284,284,Xã Rạch Kiến,Trường Tiểu học Long Khê,Ấp 8,c1longkhe.longan@moet.edu.vn,02723880217,Nguyễn Văn Hùng,Công lập,30,1,1,26,2,19,945,4,183,4,185,4,188,3,194,4,195
285,285,Xã Rạch Kiến,Trường Tiểu học Long Trạch 1,Ấp Long Thanh; xã Rạch Kiến; tỉnh Tây Ninh,c1longtrach1cd.longan@moet.edu.vn,02723880177,Trần Công Khanh,Công lập,43,1,2,34,6,28,662,5,145,5,139,6,132,6,145,6,101
286,286,Xã Rạch Kiến,Trường Tiểu học Long Trạch 2,Ấp Cầu Tràm; xã Rạch Kiến; tỉnh Tây Ninh,tranthithanhtuyen.vn1980@gmail.com,02723880178,Trần Thị Thanh Tuyền,Công lập,33,1,1,27,4,19,291,4,57,4,58,4,59,4,59,3,58
287,287,Xã Tầm Vu,Trường Tiểu học Hiệp Thạnh,Ấp Hiệp Thạnh,c1hiepthanhct.longan@moet.edu.vn,02723877418,NGUYỄN VĂN CƯỜNG,Công lập,20,1,1,16,2,10,406,2,84,2,83,2,90,2,74,2,75
288,288,Xã Tầm Vu,Trường Tiểu học Lê Văn Khuê,Ấp 8; xã Tầm Vu; tỉnh Tây Ninh,c1levankhuect.longan@moet.edu.vn,02723664061,Trần Thanh Thanh,Công lập,23,1,1,19,2,13,,3,227,3,210,3,194,2,227,2,237
289,289,Xã Tầm Vu,Trường Tiểu học Thị trấn Tầm Vu,Ấp Tân Xuân,tieuhoctamvu.ct@longan.gov.vn,02723877375,Nguyễn Văn Hoàng,Công lập,53,1,2,46,4,30,304,6,61,6,53,5,52,6,67,7,71
290,290,Xã Tầm Vu,Trường Tiểu học Trần Văn Ngạn,Phú Xuân 1; xã Tầm Vu,,02723662912,Huỳnh Văn Khương,Công lập,23,1,1,19,2,10,,2,241,2,213,2,199,2,245,2,204
291,291,Xã Tân Biên,Trường Tiểu học Nguyễn Bá Ngọc,37 Nguyễn Duy Trinh; Tân Biên; Xã Tân Biên; Tỉnh Tây Ninh,thnguyenbangoctb@gmail.com,,Trương Minh Đức,Công lập,55,1,2,46,6,31,397,7,76,6,64,5,90,7,87,6,80
292,292,Xã Tân Biên,Trường Tiểu học Tân Bình,Xã Tân Biên; Tỉnh Tây Ninh,c1tanbinhtanbien@gmail.com,,Phạm Minh Ngọc,Công lập,30,1,1,23,5,15,178,3,35,3,36,3,40,3,44,3,23
293,293,Xã Tân Biên,Trường Tiểu học Thạnh Sơn,Tổ 5; ấp Thạnh Sơn; Xã Tân Biên; tỉnh Tây Ninh,C1thanhsontanbien@gmail.com,,Vũ Thành Ngỡi,Công lập,15,1,1,10,3,7,317,1,67,1,61,2,70,2,67,1,52
294,294,Xã Tân Biên,Trường Tiểu học Thạnh Tây,Xã Thạnh Tây; Huyện Tân Biên; Tây Ninh,c1thanhtayatanbien@gmail.com,,Nguyễn Thị Sáng,Công lập,20,1,1,14,4,10,826,2,174,2,151,2,167,2,168,2,166
295,295,Xã Tân Biên,Trường Tiểu học Thị Trấn Tân Biên,Xã Tân Biên; Tây Ninh,,,Nguyễn Tấn Tài,Công lập,45,1,1,39,4,25,,5,212,5,207,5,218,5,240,5,263
296,296,Xã Tân Châu,Trường Tiểu học Tân Châu,ấp 4; xã Tân Châu; Tỉnh Tây Ninh.,c1thitranbtc.tayninh@moet.edu.vn,02763875751,Nguyễn Hồng Thuận,Công lập,56,1,1,48,6,30,587,6,144,5,115,6,96,6,125,7,107
297,297,Xã Tân Châu,Trường Tiểu học Thạnh Đông A,Tân Châu,,,Nguyễn Thị Thu Hương,Công lập,29,1,1,21,6,16,206,4,33,3,33,3,51,3,56,3,33
298,298,Xã Tân Châu,Trường Tiểu học Thạnh Đông B,Tân Châu,C1thanhdongbtc.tayninh@moet.edu.vn,02763875635,Đinh Thị Lan,Công lập,18,1,,14,3,7,987,1,206,1,174,2,200,2,219,1,188
299,299,Xã Tân Đông,Trường Tiểu học Nguyễn Viết Xuân,Xã Tân Đông; tỉnh Tây Ninh,c1nguyenvietxuantc.tayninh@moet.edu.vn,02763751131,Nguyễn Công Viên,Công lập,40,1,,34,5,28,410,6,66,5,74,6,88,6,97,5,85
300,300,Xã Tân Đông,Trường Tiểu học Tân Đông,Tân Châu,c1tandongatc.tayninh@moet.edu.vn,02763751538,Lê Văn Bảo,Công lập,31,1,1,24,5,16,597,3,139,3,106,4,116,3,122,3,114
301,301,Xã Tân Đông,Trường Tiểu học Tân Hà,Xã Tân Hà; Huyện Tân Châu; Tây Ninh,tieuhoctanha@gmail.com,02763751134,Nguyễn Quan Trọng Khanh,Công lập,24,1,1,18,4,15,244,3,48,3,52,3,55,3,44,3,45
302,302,Xã Tân Hòa,Trường Tiểu học Bưng Bàng,Ấp Suối Bà Chiêm; xã Tân Hòa; tỉnh Tây Ninh,,02763739173,Đinh Thị Dung,Công lập,17,2,,12,3,10,130,2,27,2,16,2,25,2,32,2,30
303,303,Xã Tân Hòa,Trường Tiểu học Suối Ngô A,,truongthsuoingoatayninh@moet.edu.vn,02763750426,Nguyễn Văn Hùng,Công lập,11,1,1,7,2,5,684,1,129,1,140,1,140,1,155,1,120
304,304,Xã Tân Hòa,Trường Tiểu học Suối Ngô C,Ấp 2; Tân Hòa; Tây Ninh,,,Lê Văn Sương,Công lập,38,1,1,29,7,19,517,5,120,3,109,3,99,5,92,3,97
305,305,Xã Tân Hòa,Trường Tiểu học Tân Hòa A,Tổ 4; ấp Tân thuận,c1tanhoaatc.tayninh@moet.edu.vn,02763750790,Nguyễn Thanh Lý,Công lập,25,1,1,20,3,18,584,5,118,3,104,4,120,3,128,3,114
306,306,Xã Tân Hội,Trường Tiểu học Tân Hiệp,Tân Châu,c1tanhiepatc.tayninh@moet.edu.vn,02763875925,Bùi Thị Mỹ Lệ,Công lập,33,1,1,26,5,18,854,4,171,3,173,4,171,4,164,3,175
307,307,Xã Tân Hội,Trường Tiểu học Tân Hội,Xã Tân Hội; tỉnh Tây Ninh,,02763751015,Hồ Thanh Phú,Công lập,48,1,,41,6,28,874,6,176,6,172,6,191,5,152,5,183
308,308,Xã Tân Hưng,Trường Tiểu học Thị Trấn Tân Hưng,KP.Gò Thuyền - TT.Tân Hưng - H.Tân Hưng - Long An,,02723861110,Lê Văn Thơ,Công lập,45,1,2,39,3,27,209,5,48,5,30,6,47,5,42,6,42
309,309,Xã Tân Hưng,Trường Tiểu học và THCS Vĩnh Lợi,xã Tân Hưng; tỉnh Tây Ninh,c2vinhloith.longan@moet.edu.vn,02723986536,Nguyễn Minh Hiệp,Công lập,19,,2,14,3,9,272,2,64,1,45,2,52,2,58,2,53
310,310,Xã Tân Hưng,Trường Tiểu học Vĩnh Thạnh,Ấp Cái Tràm - xã Tân Hưng - tỉnh Tây Ninh,c1vinhthanhth.longan@moet.edu.vn,02723986512,LÊ THANH TIẾN,Công lập,22,1,1,16,4,10,845,2,190,2,158,2,175,2,155,2,167
311,311,Xã Tân Lân,Trường Tiểu học Phước Đông,Âp 1; xã Tân Lân; tỉnh Tây Ninh,c1phuocdong.cd.longan@moet.edu.vn,02723881485,Trần Văn Phúc,Công lập,46,1,2,35,8,28,962,6,204,6,205,5,195,5,180,6,178
312,312,Xã Tân Lân,Trường Tiểu học Tân Lân,Ấp Nhà Trường,,02723882444,Nguyễn Văn Quảng,Công lập,52,1,2,43,6,29,164,6,30,6,36,6,32,5,42,6,24
313,313,Xã Tân Lập,Trường Tiểu học Tân Khai,Xã Tân Lập; Tỉnh Tây Ninh,c1tankhaitanbien@gmail.com,,Huỳnh Thanh Danh,Công lập,13,1,1,8,3,6,879,1,192,1,143,1,190,2,192,1,162
314,314,Xã Tân Lập,Trường Tiểu học Tân Lập,Xã Tân Lập; Tỉnh Tây Ninh,c1tanlaptanbien@gmail.com,0663872946,Phạm Quang Hải,Công lập,43,1,1,36,5,24,250,6,47,4,59,5,44,5,66,4,34
315,315,Xã Tân Lập,Trường Tiểu học Thạnh Bắc A,Ấp Suối Mây; Xã Tân Lập; tỉnh Tây Ninh,c1thanhbacatanbien@gmail.com,0663746099,Lê Thanh Trí,Công lập,19,1,1,14,3,9,140,2,24,2,20,2,39,2,34,1,23
316,316,Xã Tân Lập,Trường Tiểu học Thạnh Bắc B,ấp Bàu Bền; xã Tân Lập; tỉnh Tây Ninh,c1thanhbacbtb2022@gmail.com,02763746664,Đỗ Thị Thanh,Công lập,13,1,1,8,3,5,363,1,64,1,80,1,77,1,78,1,64
317,317,Xã Tân Long,Trường Tiểu học Long Thạnh,Đường tỉnh 817; Ấp 4; xã Tân Long; tỉnh Tây Ninh,c1longthanhtt.longan@moet.edu.vn,02723863296,Trần Thanh Phong,Công lập,24,1,1,21,1,13,271,2,64,3,49,3,53,3,53,2,52
318,318,Xã Tân Long,Trường Tiểu học Long Thuận,Ấp 7,c1longthuantt.longan@moet.edu.vn,02723863380,Nguyễn Thị Lệ Nương,Công lập,23,1,1,17,4,10,131,2,35,2,20,2,29,2,27,2,20
319,319,Xã Tân Long,Trường Tiểu học Tân Long,Ấp 2; xã Tân Long; tỉnh Tây Ninh,,0919537910,Nguyễn Văn Ba,Công lập,12,1,1,8,2,5,632,1,127,1,110,1,133,1,135,1,127
320,320,Xã Tân Phú,Trường Tiểu học Lương Định Của,ấp Tân Đông; xã Tân Phú; tỉnh Tây Ninh,truongtieuhocluongdinhcua@gmail.com,02763753010,Nguyễn Văn Trác,Công lập,40,1,1,33,5,19,572,4,115,3,103,4,136,4,115,4,103
321,321,Xã Tân Phú,Trường Tiểu học Tân Hưng,xã Tân Phú; tỉnh Tây Ninh,,02763753837,Phạm Trường Tuyền,Công lập,34,1,,29,4,17,707,3,139,3,137,4,145,4,155,3,131
322,322,Xã Tân Phú,Trường Tiểu học Tân Phú A,Tân Châu,,,,Công lập,39,,1,33,5,22,163,5,29,4,28,4,25,5,48,4,33
323,323,Xã Tân Phú,Trường Tiểu học Thanh Xuân,Đường 793 ấp Tân Lợi B;xã Tân Phú; tỉnh Tây Ninh,tieuhocthanhxuan123@gmail.com,,Đặng Thị Ngoãn,Công lập,14,1,1,9,3,6,538,1,127,1,112,1,119,2,81,1,99
324,324,Xã Tân Tập,Trường Tiểu học Đông Thạnh,Ấp Nam; Tân Tập; tỉnh Tây Ninh,c1dongthanhcg.longan@moet.edu.vn,0918958286,Huỳnh Thanh Liêm,Công lập,29,1,1,25,2,16,505,4,112,3,100,4,117,2,76,3,100
325,325,Xã Tân Tập,Trường Tiểu học Phước Vĩnh Đông,ấp Thạnh Trung xã Tân Tập,c1phuocvinhdongcg.longan@moet.edu.vn,0768743243,Nguyễn Trọng Quý,Công lập,24,1,,21,2,15,758,3,168,3,157,3,154,3,146,3,133
326,326,Xã Tân Tập,Trường Tiểu học Rạch Núi,Ấp Tây; xã Tân Tập; tỉnh Tây NInh,c1rachnuicg.longan@moet.edu.vn,0975735116,Đỗ Thị Kiên,Công lập,30,1,2,27,,21,,5,281,4,235,4,230,4,224,4,205
327,327,Xã Tân Tập,Trường Tiểu học Tân Tập,ấp Tân Đông; xã Tân Tập,c1tantapcg.longan@moet.edu.vn,0919105857,Ngô Trần Nghĩa,Công lập,57,1,2,46,8,34,435,7,104,7,90,7,73,7,81,6,87
328,328,Xã Tân Tây,Trường Tiểu học Tân Đông,Ấp Công Bình; Tân Tây; Tây Ninh,c1tandongth.longan@moet.edu.vn,027232599435,Nguyễn Kim Long,Công lập,36,1,1,31,3,19,354,4,73,4,63,4,68,3,70,4,80
329,329,Xã Tân Tây,Trường Tiểu học Tân Tây,Ấp Cả Ràng; xã Tân Tây; tỉnh Tây Ninh,,02723916093,Hà Như Tựa,Công lập,38,1,2,32,3,19,378,4,78,3,66,4,83,4,82,4,69
330,330,Xã Tân Tây,Trường Tiểu học Thủy Đông,Ấp Nước Trong - Xã Tân Tây - tỉnh Tây Ninh,,02723857723,Nguyễn Ngọc Ái,Công lập,35,1,1,29,4,18,891,4,196,3,164,4,185,4,187,3,159
331,331,Xã Tân Thành,Trường Tiểu học Suối Dây A,Xã Tân Thành; tỉnh Tây Ninh,ngnghia25.04.1977@gmail.com,02763752330,Nguyễn Văn Nghĩa,Công lập,46,1,,39,6,27,423,6,89,6,74,5,96,5,87,5,77
332,332,Xã Tân Thành,Trường Tiểu học Suối Ngô B,Xã Tân Thành; Tây Ninh,,02763751252,Lương Văn Hồng,Công lập,21,1,1,16,3,24,900,5,183,5,156,5,186,4,192,5,183
333,333,Xã Tân Thành,Trường Tiểu học Tân Thành,Xã Tân Thành; Huyện Tân Châu; Tây Ninh,truongthtta@gmail.com,02763754506,Phạm Văn Toản,Công lập,48,1,1,39,7,30,183,6,33,6,35,6,46,7,31,5,38
334,334,Xã Tân Thạnh,Trường Tiểu học Đinh Văn Phu,Ấp Trung - xã Tân Thạnh - tỉnh Tây Ninh,C1tanhoabtt.longan@moet.edu.vn,02723945932,Võ Văn Hoài,Công lập,17,1,1,13,2,6,460,1,92,1,91,2,98,1,82,1,97
335,335,Xã Tân Thạnh,Trường Tiểu học Kiến Bình,Xã Tân Thạnh; Tỉnh Tây Ninh,,02723844465,Đỗ Kim Oanh,Công lập,35,1,2,28,4,19,330,4,45,4,62,4,73,3,78,4,72
336,336,Xã Tân Thạnh,Trường Tiểu học Tân Hòa A,Xã Tân Thạnh; Tỉnh Tây Ninh,,02723945918,Nguyễn Phước Toàn,Công lập,27,1,1,22,3,14,675,2,129,3,133,3,144,3,141,3,128
337,337,Xã Tân Thạnh,Trường Tiểu học Tân Thạnh,Ấp 4; Xã Tân Thạnh; tỉnh Tây Ninh,c1tttanthanhtt.longan@moet.edu.vn,02723844098,Trương Thị Kim Dương,Công lập,36,1,1,31,3,20,232,4,49,4,48,4,37,4,46,4,52
338,338,Xã Tân Thạnh,Trường Tiểu học và THCS Tân Bình,Xã Tân Thạnh; Tỉnh Tây Ninh,,0723844634,,Công lập,19,,1,16,2,10,292,2,55,2,60,2,55,2,59,2,63
339,339,Xã Tân Trụ,Trường Tiểu học Bình Trinh Đông,Ấp Bình Đông; xã Tân Trụ; tỉnh Tây Ninh,c1binhtrinhdongtt.longan@moet.edu.vn,02723868178,Trần Hoàng Vũ,Công lập,22,1,1,17,3,10,717,2,134,2,138,2,154,2,137,2,154
340,340,Xã Tân Trụ,Trường Tiểu học Huỳnh Văn Đảnh,Ấp Tân Bình; xã Tân Trụ; tỉnh Tây Ninh,c1huynhvandanhtt.longan@moet.edu.vn,02723867152,Trương Ngọc Ẩn,Công lập,40,1,1,36,2,24,230,5,49,5,34,5,42,4,50,5,55
341,341,Xã Tân Trụ,Trường Tiểu học Nguyễn Văn Thuần,ấp Bình Điện xã Bình Tịnh; huyện Tân Trụ tỉnh Long An,,02723867431,Nguyễn Thái Hùng,Công lập,18,1,1,13,3,9,382,2,69,1,77,2,70,2,80,2,86
342,342,Xã Tân Trụ,Trường Tiểu học và THCS Nguyễn Văn Đậu,Bình Lãng; Xã Tân Trụ; Tỉnh Tây Ninh,truongthcsbinhlang@gmail.com,02723888345,,Công lập,21,,1,20,,13,717,2,122,3,133,2,155,3,169,3,138
343,343,Xã Thạnh Bình,Trường Tiểu học Tân Phong,Xã Tân Phong; Huyện Tân Biên; Tây Ninh,c1tanphongtanbien@gmail.com,02763874790,Đặng Xuân Phong,Công lập,46,1,1,37,7,25,233,5,45,5,49,5,37,5,62,5,40
344,344,Xã Thạnh Bình,Trường Tiểu học Tân Phong B,Tổ 12 ấp Gò Cát; Xã Thạnh Bình; Tỉnh Tây Ninh,c1tanphongbtanbien@gmail.com,,Hồ Minh Triều,Công lập,17,1,1,12,3,8,450,2,95,2,83,1,91,2,97,1,84
345,345,Xã Thạnh Bình,Trường Tiểu học Thạnh Bình A,Xã Thạnh Bình; Huyện Tân Biên; Tây Ninh,c1thanhbinhatanbien@gmail.com,07263744158,Nguyễn Văn Khánh,Công lập,35,1,1,27,6,17,338,3,63,3,77,4,62,4,69,3,67
346,346,Xã Thạnh Bình,Trường Tiểu học Thạnh Bình B,Xã Thạnh Bình; Tỉnh Tây Ninh,,02763874851,Phạm Thị Thế Phượng,Công lập,26,1,1,18,6,11,295,2,59,3,52,2,64,2,56,2,64
347,347,Xã Thạnh Đức,Trường Tiểu Học Ấp Rộc,Gò Dầu,c1aprocgd.tayninh@moet.edu.vn,02763859787,Huỳnh Thiên Phú,Công lập,19,1,1,14,3,10,,2,207,2,218,2,196,2,192,2,217
348,348,Xã Thạnh Đức,Trường Tiểu học Bến Đình,Xã Thạnh Đức; Huyện Gò Dầu; Tây Ninh,c1bendinhgd.tayninh@moet.edu.vn,02763859653,Nguyễn Thị Hồng Lan,Công lập,47,1,2,40,4,28,207,6,35,6,43,5,43,5,34,6,52
349,349,Xã Thạnh Đức,Trường Tiểu học Bến Rộng,ấp Bến Rộng; xã Thạnh Đức,c1benronggd.tayninh@moet.edu.vn,0276.3856878,Đỗ Hữu Trí,Công lập,21,1,1,15,4,10,244,2,46,2,46,2,45,2,48,2,59
350,350,Xã Thạnh Đức,Trường Tiểu học Cẩm An,Ấp Cẩm An; Xã Thạnh Đức; Tây Ninh,c1camangd.tayninh@moet.edu.vn,02763859711,Hồ Thị Diễm Phúc,Công lập,21,1,1,16,3,10,437,2,100,2,75,2,82,2,83,2,97
351,351,Xã Thạnh Đức,Trường Tiểu học Cẩm Long,Xã Cẩm Giang; Huyện Gò Dầu; Tây Ninh,c1camlonggd.tayninh@moet.edu.vn,02763850319,Nguyễn Thanh Tùng,Công lập,23,1,1,17,4,12,277,3,56,2,54,2,53,2,57,3,57
352,352,Xã Thạnh Đức,Trường Tiểu học Cẩm Thắng,ấp Cẩm Thắng; xã Thạnh Đức; Tây Ninh,,,Lê Thành Lý,Công lập,19,1,1,14,3,10,826,2,167,2,160,2,162,2,161,2,176
353,353,Xã Thạnh Hóa,Trường Tiểu học Thị Trấn Thạnh Hóa,Đt 832; Tt. Thạnh Hoá; Thạnh Hóa; Xã Thạnh Hóa; Tỉnh Tây Ninh,c1ttthanhhoath.longan@moet.edu.vn,02723857202,Bùi Đức Thuận,Công lập,43,1,1,37,4,25,257,5,44,5,38,5,63,5,62,5,50
354,354,Xã Thạnh Hóa,Trường Tiểu học Thủy Tây,Ấp Bún Bà Của- xã Thạnh Hoá,,02723857347,Nguyễn Thị Út,Công lập,23,1,1,18,3,10,181,2,38,2,34,2,38,2,38,2,33
355,355,Xã Thạnh Hóa,Trường Tiểu học và THCS Thạnh An,Ấp 3; xã Thạnh An,c2thanhanth.longan@moet.edu.vn,02722246269,Mai Trí Dũng,Công lập,15,,,14,1,10,713,2,165,2,146,2,144,2,129,2,129
356,356,Xã Thạnh Lợi,Trường Tiểu học Lương Bình,ấp 4 Lương Bình,c1luongbinhbl.longan@moet.edu.vn,0723873336,Nguyễn Văn Huệ,Công lập,37,1,1,31,4,23,410,5,84,5,74,5,88,4,73,4,91
357,357,Xã Thạnh Lợi,Trường Tiểu học Thạnh Hòa,Ấp 2;Thạnh Hoà; xã Thạnh Lợi; Tây Ninh,c1thanhhoabl.longan@moet.edu.vn,02723639062,Trần Thị Nhung,Công lập,28,1,1,22,4,15,581,3,130,3,104,3,109,2,125,4,113
358,358,Xã Thạnh Lợi,Trường Tiểu học và THCS Lê Văn Tưởng,Xã Thạnh Lợi; Tỉnh Tây Ninh,,,DƯƠNG VĂN NHANH,Công lập,22,,1,21,,17,444,4,86,3,85,3,81,4,95,3,97
359,359,Xã Thạnh Phước,Trường Tiểu học Thạnh Phước,Cả Sáu,,02723859852,Nguyễn Văn Luốc,Công lập,37,1,2,32,2,17,434,3,82,3,89,3,98,4,96,4,69
360,360,Xã Thạnh Phước,Trường Tiểu học Thuận Nghĩa Hòa,ap Ba Luong-xa Thuan Nghia Hoa-Thanh Hoa-Long An,,02723857299,Nguyễn Chí Thiện,Công lập,39,1,2,32,4,20,277,4,46,4,60,4,48,4,68,4,55
361,361,Xã Thạnh Phước,Trường Tiểu học và THCS Thạnh Phú,ấp Thạnh Lập; xã Thạnh Phước; tỉnh Tây Ninh,,,,Công lập,23,,1,22,,14,84,3,20,3,17,3,15,3,22,2,10
362,362,Xã Thủ Thừa,Trường TH; THCS&THPT Bồ Đề Phương Duy,Long An,,,Huỳnh Thị Thu Loan,Tư thục,6,,1,5,,5,271,1,62,1,53,1,52,1,62,1,42
363,363,Xã Thủ Thừa,Trường Tiểu học Bình Thạnh,Ấp Bình Lương 1,,02723865494,Trần Tiến Lợi,Công lập,20,1,,17,2,10,329,2,64,2,57,2,73,2,64,2,71
364,364,Xã Thủ Thừa,Trường Tiểu học Nhà Dài,Ấp Nhà Dài; thị trấn Thủ Thừa,c1nhadaitt.longan@moet.edu.vn,02723865094,Ngô Hoàng Tấn,Công lập,22,1,1,18,2,10,918,2,192,2,174,2,191,2,193,2,168
365,365,Xã Thủ Thừa,Trường Tiểu học Nhị Thành,Ấp 1,,02723865092,Nguyễn Văn Cường,Công lập,47,1,2,42,2,27,,5,210,5,194,6,218,6,240,5,214
366,366,Xã Thủ Thừa,Trường Tiểu học Thủ Thừa,Ấp Cầu Xây; thị trấn Thủ Thừa,c1ttthuthuatt.longan@moet.edu,02723864101,Phan Văn Kiến,Công lập,53,1,2,46,4,30,327,6,64,6,69,6,51,6,86,6,57
367,367,Xã Thủ Thừa,Trường Tiểu học và THCS Tân Thành,Tây Ninh,,,,Công lập,18,,1,16,1,11,885,2,186,2,178,2,182,3,163,2,176
368,368,Xã Thuận Mỹ,Trường Tiểu học Thanh Phú Long,Ấp Thanh Tân,c1thanhphulongct.longan@gmail.com,02723664026,Nguyễn Thị Nghĩa,Công lập,51,1,2,45,3,29,946,6,181,6,174,6,191,6,197,5,203
369,369,Xã Thuận Mỹ,Trường Tiểu học Thuận Mỹ,Bình Trị 1; xã Thuận Mỹ,c1thuanmyct.longan@moet.edu.vn,02723879128,Nguyễn Văn Sáu,Công lập,50,1,1,45,3,30,463,6,100,6,84,6,101,6,89,6,89
370,370,Xã Thuận Mỹ,Trường Tiểu học Việt Lâm,Xuân Hòa 2; xã Thuận Mỹ,c1vietlamct.longan@.moet.edu.vn,02723660739,Nguyễn Văn Bảy,Công lập,38,1,2,31,4,19,817,4,165,3,133,4,180,4,185,4,154
371,371,Xã Trà Vong,Trường Tiểu học Nguyễn Đình Chiểu,Xã Mỏ Công; Huyện Tân Biên; Tây Ninh,,,Chế Văn Lân,Công lập,51,1,2,42,6,29,416,6,62,5,91,6,88,6,90,6,85
372,372,Xã Trà Vong,Trường Tiểu học Trà Vong A,Xã Trà Vong; Tỉnh Tây Ninh,c1travongatanbien@gmail.com,0663873945,Tạ Thành Thuận,Công lập,32,1,1,25,5,15,208,3,37,3,48,3,41,3,52,3,30
373,373,Xã Trà Vong,Trường Tiểu học Trà Vong B,Xã Trà Vong; Tây Ninh,,,Nguyễn Văn Sang,Công lập,21,1,1,15,4,10,307,2,69,2,66,2,63,2,68,2,41
374,374,Xã Truông Mít,Trường Tiểu học Ấp 4 Bàu Đồn,Ấp 4,c1baudonap4gd.tayninh@gmail.com,,Võ Văn Lành,Công lập,17,1,1,12,3,9,365,2,74,2,71,2,82,2,68,1,70
375,375,Xã Truông Mít,Trường Tiểu học Ấp 5 Bàu Đồn,Xã Bàu Đồn; Huyện Gò Dầu; Tây Ninh,c1baudonap5gd.tayninh@moet.edu.vn,02763857150,Nguyễn Văn Mừng,Công lập,21,1,1,14,5,10,233,2,53,2,45,2,47,2,56,2,32
376,376,Xã Truông Mít,Trường Tiểu học Ấp 6 Bàu Đồn,Xã Bàu Đồn; Huyện Gò Dầu; Tây Ninh,c1baudonap6gd.tayninh@moet.edu.vn,0276 3857929,Đinh Thị Bích Tuyền,Công lập,18,1,1,12,4,8,799,2,177,1,161,2,159,2,153,1,149
377,377,Xã Truông Mít,Trường Tiểu học Bàu Đồn,Xã Bàu Đồn; Huyện Gò Dầu; Tây Ninh,,02763857230,Nguyễn Trung Hiếu,Công lập,31,1,1,24,5,20,688,4,134,4,126,4,134,4,158,4,136
378,378,Xã Truông Mít,Trường Tiểu học Truông Mít A,Xã Truông Mít; Tỉnh Tây Ninh,c1thuanhoadmc.tayninh@moet.edu.vn,02763771184,Lý Nhựt Hằng,Công lập,40,1,1,32,6,20,731,4,138,4,123,4,169,4,163,4,138
379,379,Xã Truông Mít,Trường Tiểu học Truông Mít B,Xã Truông Mít; Huyện Dương Minh Châu; Tây Ninh,c1thuanandmc.tayninh@moet.edu.vn,02763771174,Nguyễn Xuân Liệt,Công lập,37,1,1,30,5,22,300,4,68,4,56,5,58,5,57,4,61
380,380,Xã Tuyên Bình,Trường Tiểu học Thái Bình Trung,Thị trấn Vĩnh Hưng; Vĩnh Hưng; Long An,c1thaibinhtrungvh@longan.edu.vn,0919126794,Trần Văn Xe,Công lập,36,1,2,30,3,17,297,3,66,4,48,4,66,3,52,3,65
381,381,Xã Tuyên Bình,Trường Tiểu học và THCS Tuyên Bình,Ấp Rạch Mây; xã Tuyên Bình,c12tuyenbinhvh.longan@moet.edu.vn,02722219199,Trần Văn Thông,Công lập,23,1,1,19,2,11,315,2,69,2,53,2,60,2,69,3,64
382,382,Xã Tuyên Bình,Trường Tiểu học và THCS Tuyên Bình Tây,Ấp Cả Rưng; xã Tuyên Bình; tỉnh Tây Ninh,c12tuyenbinhtayvh.longan@moet.edu.vn,02722247187,,Công lập,26,,1,23,2,15,287,3,61,3,49,3,54,3,60,3,63
383,383,Xã Tuyên Bình,Trường Tiểu học và THCS Vĩnh Bình,Ấp 2; xã Tuyên Bình; tỉnh Tây Ninh,c2vinhbinhvh.longan@moet.edu.vn,02723847689,,Công lập,21,,1,20,,12,463,2,89,2,83,2,100,3,90,3,101
384,384,Xã Tuyên Thạnh,Trường Tiểu học Thạnh Hưng,ấp Cả Gừa; xã Tuyên Thạnh; tỉnh Tây Ninh,,02723957849,Bùi Phú Ngôn,Công lập,31,1,1,27,2,20,345,4,73,4,60,4,72,4,72,4,68
385,385,Xã Tuyên Thạnh,Trường Tiểu học Tuyên Thạnh,Ấp Bắc Chan 1; Xã Tuyên Thạnh;Tỉnh Tây Ninh,,02723841720,Trần Hữu Có,Công lập,28,1,1,23,3,11,404,2,83,2,88,3,71,2,72,2,90
386,386,Xã Vàm Cỏ,Trường Tiểu học Nhựt Ninh,ấp Nhựt Hòa; xã Vàm Cỏ; tỉnh Tây Ninh,thc1.vamco@tayninh.gov.vn,02723867284,Nguyễn Văn Quan,Công lập,28,1,1,22,4,14,544,3,111,3,100,2,114,3,101,3,118
387,387,Xã Vàm Cỏ,Trường Tiểu học Tân Phước Tây,Ấp 2; xã Tân Phước Tây; huyện Tân Trụ; tỉnh Long An.,c1tanphuoctaytt.longan@noet.edu.vn,02723867807,Đoàn Thị Bạch Yến,Công lập,33,1,1,28,3,18,348,4,67,3,54,4,67,3,75,4,85
388,388,Xã Vàm Cỏ,Trường Tiểu học Võ Văn Mùi,Ấp Bình Lợi; Xã Vàm Cỏ; tỉnh Tây Ninh,c1vovanmui.tayninh@moet.edu.vn,02723867792,Nguyễn Đình Vĩnh,Công lập,25,1,1,21,2,14,192,3,47,3,30,2,36,3,39,3,40
389,389,Xã Vĩnh Châu,Trường Tiểu học và THCS Vĩnh Bửu,Long An,,,Bùi văn Bé Năm,Công lập,11,1,,10,,7,172,2,33,1,27,1,41,1,40,2,31
390,390,Xã Vĩnh Châu,Trường Tiểu học và THCS Vĩnh Châu A,Tây Ninh,c12vinhchauath.longan@moet.edu.vn,,Nguyễn Văn Chiểu,Công lập,11,1,,10,,7,337,1,82,1,66,2,55,2,70,1,64
391,391,Xã Vĩnh Châu,Trường Tiểu học Vĩnh Đại,Ấp Vĩnh Ân; xã Vĩnh Châu; tỉnh Tây Ninh,,0723987448,,Công lập,23,,1,19,3,11,315,3,67,2,54,2,55,2,72,2,67
392,392,Xã Vĩnh Công,Trường Tiểu học Đặng Thành Công,Ấp 2; xã Vĩnh Công,c1dangthanhcongct.longan@moet.edu.vn,02723877215,Phạm Hữu Trí,Công lập,23,,1,20,2,10,507,2,106,2,104,2,103,2,94,2,100
393,393,Xã Vĩnh Công,Trường Tiểu học Nguyễn Văn Thăng,Ấp Kỳ Châu; xã Vĩnh Công; tỉnh Tây Ninh,c1nguyenvanthangct.longan@moet.edu.vn,02723662381,,Công lập,28,1,1,24,2,15,453,3,92,3,88,3,101,3,90,3,82
394,394,Xã Vĩnh Công,Trường Tiểu học Vĩnh Công,Ấp 8; xã Vĩnh Công,c1vinhcongct.longan@moet.edu.vn,02723877332,Lại Thanh Tùng,Công lập,26,1,1,22,2,15,972,3,187,3,188,3,208,3,212,3,177
395,395,Xã Vĩnh Hưng,Trường Tiểu học Thị trấn Vĩnh Hưng,Xã Vĩnh Hưng; Tỉnh Tây Ninh,c1ttvinhhung.vh.longan@moet.edu.vn,,Nguyễn Văn Toàn,Công lập,48,1,2,42,3,29,239,6,41,6,41,6,56,6,45,5,56
396,396,Xã Vĩnh Hưng,Trường Tiểu học và THCS Vĩnh Thuận,Ấp Cả Nga; xã Vĩnh Hưng; tỉnh Tây Ninh,c12vinhthuanvh.longan@moet.edu.vn,02723847867,,Công lập,22,,1,19,2,10,300,2,62,2,58,2,46,2,73,2,61
397,397,Xã Vĩnh Hưng,Trường Tiểu học và THCS Vĩnh Trị,Ấp Gò Cát; Xã Vĩnh Hưng; Tỉnh Tây Ninh,c2vinhtrivh.longan@moet.edu.vn,02723971019,,Công lập,30,,1,29,,12,195,3,39,2,37,2,32,3,49,2,38
398,398,Xã Vĩnh Thạnh,Trường Tiểu học và THCS Hưng Thạnh,xã Vĩnh Thạnh; tỉnh Tây Ninh,thc2.vinhthanh@tayninh.gov.vn,,,Công lập,18,,1,16,1,8,187,2,51,2,30,1,37,2,44,1,25
399,399,Xã Vĩnh Thạnh,Trường Tiểu học và THCS Thạnh Hưng,Ấp 4 - Vĩnh Thạnh -Long An,c2thanhhungth@gmail.com,0989910061,,Công lập,15,,2,12,1,7,229,2,51,1,46,1,42,2,43,1,47
400,400,Xã Vĩnh Thạnh,Trường Tiểu học và THCS Vĩnh Châu B,Ấp 7; xã Vĩnh Thạnh; tỉnh Tây Ninh,c2vinhchaubth.longan@moet.edu.vn,0986141082,,Công lập,20,,1,16,3,10,,2,,2,,2,,2,,2,
